id,first_name,last_name,email,precio,precio_txt
1,Bud,Edel,bedel0@google.com.au,68.95,error: comparison of String with 0 failed
2,Fernandina,Najara,fnajara1@uol.com.br,86.42,error: comparison of String with 0 failed
3,Upton,Bothram,ubothram2@trellian.com,67.13,error: comparison of String with 0 failed
4,Noemi,Adriaan,nadriaan3@google.com.au,56.65,error: comparison of String with 0 failed
5,Silvana,Tearney,stearney4@blogger.com,82.15,error: comparison of String with 0 failed
6,Batholomew,Guerriero,bguerriero5@hud.gov,17.81,error: comparison of String with 0 failed
7,Perren,Jakubiak,pjakubiak6@umn.edu,29.78,error: comparison of String with 0 failed
8,Morgan,Pate,mpate7@google.com.au,4.72,error: comparison of String with 0 failed
9,Alessandro,McMeekan,amcmeekan8@army.mil,78.24,error: comparison of String with 0 failed
10,Klarika,Rispine,krispine9@cocolog-nifty.com,77.19,error: comparison of String with 0 failed
11,Daloris,Cromblehome,dcromblehomea@hugedomains.com,10.2,error: comparison of String with 0 failed
12,Alessandro,Danford,adanfordb@netscape.com,38.31,error: comparison of String with 0 failed
13,Juditha,Giacaponi,jgiacaponic@purevolume.com,19.89,error: comparison of String with 0 failed
14,Gayla,Adlem,gadlemd@yolasite.com,2.72,error: comparison of String with 0 failed
15,Orbadiah,Biglin,obigline@ycombinator.com,73.0,error: comparison of String with 0 failed
16,Francois,Crocken,fcrockenf@wikia.com,51.22,error: comparison of String with 0 failed
17,Norri,Goodyear,ngoodyearg@cnbc.com,51.71,error: comparison of String with 0 failed
18,Kasper,Cearley,kcearleyh@zimbio.com,90.89,error: comparison of String with 0 failed
19,Clarence,Beavington,cbeavingtoni@vinaora.com,83.11,error: comparison of String with 0 failed
20,Yevette,Byfford,ybyffordj@chron.com,8.3,error: comparison of String with 0 failed
21,Eli,Yeatman,eyeatmank@hostgator.com,41.02,error: comparison of String with 0 failed
22,Alta,Duncklee,adunckleel@cocolog-nifty.com,54.44,error: comparison of String with 0 failed
23,Constantia,Sebyer,csebyerm@skype.com,6.69,error: comparison of String with 0 failed
24,Fletcher,Ongin,fonginn@illinois.edu,92.31,error: comparison of String with 0 failed
25,Joela,Herries,jherrieso@google.nl,14.35,error: comparison of String with 0 failed
26,Josh,Hards,jhardsp@columbia.edu,21.06,error: comparison of String with 0 failed
27,Paquito,Annion,pannionq@goo.gl,51.51,error: comparison of String with 0 failed
28,Melvin,Veldman,mveldmanr@domainmarket.com,21.29,error: comparison of String with 0 failed
29,Javier,D'Arrigo,jdarrigos@ed.gov,61.39,error: comparison of String with 0 failed
30,Joli,Lehr,jlehrt@discovery.com,44.04,error: comparison of String with 0 failed
31,Claude,Hinckesman,chinckesmanu@wix.com,75.04,error: comparison of String with 0 failed
32,Melamie,Halleybone,mhalleybonev@theatlantic.com,47.73,error: comparison of String with 0 failed
33,Mace,Dabnor,mdabnorw@who.int,4.61,error: comparison of String with 0 failed
34,Agathe,Backler,abacklerx@google.fr,29.68,error: comparison of String with 0 failed
35,Doloritas,Cramb,dcramby@purevolume.com,77.46,error: comparison of String with 0 failed
36,Konstanze,Marages,kmaragesz@163.com,1.23,error: comparison of String with 0 failed
37,Shelbi,Chaunce,schaunce10@usgs.gov,47.76,error: comparison of String with 0 failed
38,Nicholas,Bucknall,nbucknall11@de.vu,96.93,error: comparison of String with 0 failed
39,Richmond,Alwin,ralwin12@phpbb.com,92.31,error: comparison of String with 0 failed
40,Bryana,Luscombe,bluscombe13@comcast.net,35.46,error: comparison of String with 0 failed
41,Trudi,Thoms,tthoms14@buzzfeed.com,5.77,error: comparison of String with 0 failed
42,Tomkin,Wilsee,twilsee15@amazon.co.uk,25.47,error: comparison of String with 0 failed
43,Giacinta,Dominka,gdominka16@yellowpages.com,98.33,error: comparison of String with 0 failed
44,Etienne,Silliman,esilliman17@umich.edu,94.9,error: comparison of String with 0 failed
45,Boone,Capelen,bcapelen18@google.fr,77.74,error: comparison of String with 0 failed
46,Valentia,Gorry,vgorry19@guardian.co.uk,90.68,error: comparison of String with 0 failed
47,Holli,Oene,hoene1a@uiuc.edu,1.79,error: comparison of String with 0 failed
48,Dermot,McTear,dmctear1b@webs.com,47.44,error: comparison of String with 0 failed
49,Denny,Fazzioli,dfazzioli1c@wired.com,23.11,error: comparison of String with 0 failed
50,Hurley,Gravey,hgravey1d@liveinternet.ru,10.75,error: comparison of String with 0 failed
51,Stephan,Petrishchev,spetrishchev1e@wiley.com,82.89,error: comparison of String with 0 failed
52,Toinette,Buddington,tbuddington1f@google.nl,37.39,error: comparison of String with 0 failed
53,Jaymie,Barth,jbarth1g@i2i.jp,88.91,error: comparison of String with 0 failed
54,Erna,Folks,efolks1h@technorati.com,60.88,error: comparison of String with 0 failed
55,Tobe,McMearty,tmcmearty1i@answers.com,83.96,error: comparison of String with 0 failed
56,Alix,Gambles,agambles1j@shutterfly.com,66.41,error: comparison of String with 0 failed
57,Brandy,Willshaw,bwillshaw1k@unc.edu,75.94,error: comparison of String with 0 failed
58,Cletus,Di Gregorio,cdigregorio1l@fema.gov,62.3,error: comparison of String with 0 failed
59,Devon,Lattie,dlattie1m@weibo.com,2.89,error: comparison of String with 0 failed
60,Jennette,Pinard,jpinard1n@boston.com,24.14,error: comparison of String with 0 failed
61,Balduin,Sweett,bsweett1o@arizona.edu,84.46,error: comparison of String with 0 failed
62,Kirstin,Archdeacon,karchdeacon1p@reverbnation.com,69.33,error: comparison of String with 0 failed
63,Sterling,Wateridge,swateridge1q@abc.net.au,9.92,error: comparison of String with 0 failed
64,Bryn,Jopke,bjopke1r@about.me,99.88,error: comparison of String with 0 failed
65,Loella,Pinckstone,lpinckstone1s@hugedomains.com,82.2,error: comparison of String with 0 failed
66,Darleen,Crozier,dcrozier1t@google.co.jp,61.55,error: comparison of String with 0 failed
67,Karlens,Kelleway,kkelleway1u@ifeng.com,13.35,error: comparison of String with 0 failed
68,Trudi,Camlin,tcamlin1v@youku.com,10.41,error: comparison of String with 0 failed
69,Nadeen,De Lorenzo,ndelorenzo1w@hibu.com,4.32,error: comparison of String with 0 failed
70,Giordano,Boggish,gboggish1x@army.mil,23.45,error: comparison of String with 0 failed
71,Tracy,Espinha,tespinha1y@miibeian.gov.cn,84.05,error: comparison of String with 0 failed
72,Ignacio,De Maine,idemaine1z@artisteer.com,80.86,error: comparison of String with 0 failed
73,Jordan,Stollenbecker,jstollenbecker20@indiatimes.com,28.28,error: comparison of String with 0 failed
74,Irving,Gian,igian21@dion.ne.jp,1.74,error: comparison of String with 0 failed
75,Carolynn,Coard,ccoard22@example.com,20.69,error: comparison of String with 0 failed
76,Roxanna,Harford,rharford23@wunderground.com,51.17,error: comparison of String with 0 failed
77,Brenn,Gaskin,bgaskin24@sitemeter.com,24.71,error: comparison of String with 0 failed
78,Mary,Carbry,mcarbry25@virginia.edu,69.72,error: comparison of String with 0 failed
79,Wells,Footer,wfooter26@cafepress.com,72.32,error: comparison of String with 0 failed
80,Annadiane,Wardesworth,awardesworth27@google.it,4.08,error: comparison of String with 0 failed
81,Dottie,Grigorkin,dgrigorkin28@nps.gov,28.56,error: comparison of String with 0 failed
82,Tanitansy,Bennedsen,tbennedsen29@wix.com,44.84,error: comparison of String with 0 failed
83,Lodovico,Klimochkin,lklimochkin2a@sbwire.com,66.65,error: comparison of String with 0 failed
84,Guilbert,Birwhistle,gbirwhistle2b@china.com.cn,1.68,error: comparison of String with 0 failed
85,Kevan,Warratt,kwarratt2c@mapquest.com,8.17,error: comparison of String with 0 failed
86,Basile,Duns,bduns2d@dagondesign.com,18.3,error: comparison of String with 0 failed
87,Kare,Rann,krann2e@census.gov,43.11,error: comparison of String with 0 failed
88,Tiffy,Creelman,tcreelman2f@gizmodo.com,46.57,error: comparison of String with 0 failed
89,Cindi,Cluatt,ccluatt2g@epa.gov,68.51,error: comparison of String with 0 failed
90,Nickola,Keirle,nkeirle2h@nydailynews.com,76.64,error: comparison of String with 0 failed
91,Kalvin,MacCahee,kmaccahee2i@ow.ly,78.24,error: comparison of String with 0 failed
92,Tabbie,Lownsbrough,tlownsbrough2j@ted.com,44.05,error: comparison of String with 0 failed
93,Henrik,Piper,hpiper2k@people.com.cn,14.39,error: comparison of String with 0 failed
94,Nate,Hostan,nhostan2l@squarespace.com,72.72,error: comparison of String with 0 failed
95,Dukie,Samet,dsamet2m@sina.com.cn,70.28,error: comparison of String with 0 failed
96,Terrijo,Wales,twales2n@thetimes.co.uk,23.08,error: comparison of String with 0 failed
97,Rhiamon,Petcher,rpetcher2o@unesco.org,36.97,error: comparison of String with 0 failed
98,Cristine,Heskin,cheskin2p@slashdot.org,33.99,error: comparison of String with 0 failed
99,Maynord,Berka,mberka2q@tinyurl.com,38.74,error: comparison of String with 0 failed
100,Marleah,Kerbler,mkerbler2r@nih.gov,9.22,error: comparison of String with 0 failed
101,Aguie,Truelove,atruelove2s@blogs.com,86.83,error: comparison of String with 0 failed
102,Brita,Job,bjob2t@theatlantic.com,98.37,error: comparison of String with 0 failed
103,Mark,Aldersey,maldersey2u@drupal.org,41.44,error: comparison of String with 0 failed
104,Chas,Pietrowicz,cpietrowicz2v@digg.com,7.27,error: comparison of String with 0 failed
105,Ephrayim,Rouby,erouby2w@time.com,79.48,error: comparison of String with 0 failed
106,Eamon,Willder,ewillder2x@theglobeandmail.com,93.88,error: comparison of String with 0 failed
107,Thor,Dumbar,tdumbar2y@howstuffworks.com,33.64,error: comparison of String with 0 failed
108,Ulrica,Cudde,ucudde2z@xinhuanet.com,68.37,error: comparison of String with 0 failed
109,Lynsey,Maillard,lmaillard30@bigcartel.com,42.32,error: comparison of String with 0 failed
110,Abby,Fisher,afisher31@twitpic.com,55.1,error: comparison of String with 0 failed
111,Robinette,MacCallam,rmaccallam32@1688.com,90.88,error: comparison of String with 0 failed
112,Erin,Taleworth,etaleworth33@abc.net.au,2.84,error: comparison of String with 0 failed
113,Antin,Knowlden,aknowlden34@businesswire.com,40.43,error: comparison of String with 0 failed
114,Marlon,Blumire,mblumire35@meetup.com,24.82,error: comparison of String with 0 failed
115,Roger,Gonsalvez,rgonsalvez36@desdev.cn,49.77,error: comparison of String with 0 failed
116,Spence,Sallows,ssallows37@csmonitor.com,7.32,error: comparison of String with 0 failed
117,Tyler,Jozaitis,tjozaitis38@rakuten.co.jp,34.54,error: comparison of String with 0 failed
118,Willy,Martill,wmartill39@chron.com,76.08,error: comparison of String with 0 failed
119,Lynett,Kingsbury,lkingsbury3a@wunderground.com,81.96,error: comparison of String with 0 failed
120,Yancey,Chape,ychape3b@home.pl,3.69,error: comparison of String with 0 failed
121,Frank,Atchly,fatchly3c@vimeo.com,52.66,error: comparison of String with 0 failed
122,Ive,Aberchirder,iaberchirder3d@nytimes.com,93.14,error: comparison of String with 0 failed
123,Zacharie,Owenson,zowenson3e@google.cn,18.41,error: comparison of String with 0 failed
124,Allard,Oldcote,aoldcote3f@photobucket.com,70.6,error: comparison of String with 0 failed
125,Winona,Sandom,wsandom3g@goodreads.com,24.79,error: comparison of String with 0 failed
126,Adela,Yarr,ayarr3h@weebly.com,80.65,error: comparison of String with 0 failed
127,Ali,Parratt,aparratt3i@joomla.org,93.76,error: comparison of String with 0 failed
128,Lemmie,Reubel,lreubel3j@nbcnews.com,30.56,error: comparison of String with 0 failed
129,Belita,McPhillips,bmcphillips3k@washingtonpost.com,36.05,error: comparison of String with 0 failed
130,Darryl,Dicky,ddicky3l@usnews.com,20.71,error: comparison of String with 0 failed
131,Templeton,Kineton,tkineton3m@hibu.com,53.07,error: comparison of String with 0 failed
132,Hollis,Gronav,hgronav3n@sina.com.cn,65.9,error: comparison of String with 0 failed
133,Hurleigh,Tarling,htarling3o@uiuc.edu,66.93,error: comparison of String with 0 failed
134,Pate,McGurgan,pmcgurgan3p@nbcnews.com,28.0,error: comparison of String with 0 failed
135,Welch,Ivankin,wivankin3q@de.vu,83.58,error: comparison of String with 0 failed
136,Blisse,Oblein,boblein3r@wired.com,45.39,error: comparison of String with 0 failed
137,Reuben,MacRannell,rmacrannell3s@cafepress.com,22.12,error: comparison of String with 0 failed
138,Kendrick,Naton,knaton3t@rediff.com,86.31,error: comparison of String with 0 failed
139,Venita,Freshwater,vfreshwater3u@amazon.co.jp,22.85,error: comparison of String with 0 failed
140,Belle,Tyreman,btyreman3v@networkadvertising.org,37.97,error: comparison of String with 0 failed
141,Rosaleen,Towriss,rtowriss3w@whitehouse.gov,76.11,error: comparison of String with 0 failed
142,Nydia,Pretley,npretley3x@gmpg.org,11.33,error: comparison of String with 0 failed
143,Ambrosi,Prosh,aprosh3y@yelp.com,73.69,error: comparison of String with 0 failed
144,Egbert,Rayworth,erayworth3z@odnoklassniki.ru,42.76,error: comparison of String with 0 failed
145,Darnell,Crutchley,dcrutchley40@state.gov,82.89,error: comparison of String with 0 failed
146,Johnathan,Sandwick,jsandwick41@posterous.com,39.7,error: comparison of String with 0 failed
147,Ceciley,Mattea,cmattea42@eepurl.com,18.32,error: comparison of String with 0 failed
148,Deb,Tuckie,dtuckie43@netvibes.com,63.48,error: comparison of String with 0 failed
149,Dene,Balham,dbalham44@mozilla.com,86.17,error: comparison of String with 0 failed
150,Barbi,Baden,bbaden45@oaic.gov.au,98.57,error: comparison of String with 0 failed
151,Tamarah,McDugal,tmcdugal46@merriam-webster.com,8.47,error: comparison of String with 0 failed
152,Herrick,Tomet,htomet47@tinypic.com,83.64,error: comparison of String with 0 failed
153,Kora,Corss,kcorss48@oakley.com,74.33,error: comparison of String with 0 failed
154,Fleming,Grisbrook,fgrisbrook49@constantcontact.com,49.38,error: comparison of String with 0 failed
155,Sonny,Benazet,sbenazet4a@tiny.cc,27.9,error: comparison of String with 0 failed
156,Melly,Duckerin,mduckerin4b@tinyurl.com,23.08,error: comparison of String with 0 failed
157,Adelheid,Puleston,apuleston4c@cloudflare.com,46.68,error: comparison of String with 0 failed
158,Lenka,Jann,ljann4d@nymag.com,19.61,error: comparison of String with 0 failed
159,Ashely,Trenbay,atrenbay4e@netvibes.com,99.13,error: comparison of String with 0 failed
160,Tony,Murphy,tmurphy4f@dyndns.org,8.75,error: comparison of String with 0 failed
161,Benji,Ullyott,bullyott4g@cpanel.net,57.76,error: comparison of String with 0 failed
162,Lennard,Gwynn,lgwynn4h@feedburner.com,75.59,error: comparison of String with 0 failed
163,Dee dee,Websdale,dwebsdale4i@ifeng.com,93.22,error: comparison of String with 0 failed
164,Nathan,Saines,nsaines4j@ed.gov,32.39,error: comparison of String with 0 failed
165,Phyllys,Dran,pdran4k@aol.com,15.56,error: comparison of String with 0 failed
166,Don,Benninger,dbenninger4l@aol.com,10.88,error: comparison of String with 0 failed
167,Eleanora,Schwanden,eschwanden4m@moonfruit.com,57.6,error: comparison of String with 0 failed
168,Colette,Wieprecht,cwieprecht4n@spiegel.de,72.21,error: comparison of String with 0 failed
169,Claudius,Oene,coene4o@plala.or.jp,49.75,error: comparison of String with 0 failed
170,Maritsa,Kirvell,mkirvell4p@ask.com,30.41,error: comparison of String with 0 failed
171,Brade,Redding,bredding4q@irs.gov,28.89,error: comparison of String with 0 failed
172,Kipper,Gouldsmith,kgouldsmith4r@cisco.com,67.45,error: comparison of String with 0 failed
173,Erica,Andrews,eandrews4s@google.ru,92.13,error: comparison of String with 0 failed
174,Rasia,Bucknill,rbucknill4t@issuu.com,74.18,error: comparison of String with 0 failed
175,Mirna,Brimble,mbrimble4u@msn.com,53.32,error: comparison of String with 0 failed
176,Natty,Shower,nshower4v@last.fm,69.68,error: comparison of String with 0 failed
177,Luther,Lammers,llammers4w@stanford.edu,61.23,error: comparison of String with 0 failed
178,Daniele,Basso,dbasso4x@unc.edu,44.64,error: comparison of String with 0 failed
179,Pryce,Beacon,pbeacon4y@whitehouse.gov,79.41,error: comparison of String with 0 failed
180,Carrol,Muirden,cmuirden4z@illinois.edu,16.52,error: comparison of String with 0 failed
181,Saloma,Andriulis,sandriulis50@irs.gov,13.5,error: comparison of String with 0 failed
182,Juline,Greenaway,jgreenaway51@apache.org,85.82,error: comparison of String with 0 failed
183,Kessia,Boynton,kboynton52@google.it,46.65,error: comparison of String with 0 failed
184,Gabriel,Dewhurst,gdewhurst53@e-recht24.de,25.93,error: comparison of String with 0 failed
185,Denys,Wallentin,dwallentin54@studiopress.com,15.3,error: comparison of String with 0 failed
186,Slade,Otson,sotson55@1688.com,86.5,error: comparison of String with 0 failed
187,Kathye,Laxston,klaxston56@noaa.gov,92.64,error: comparison of String with 0 failed
188,Odette,Works,oworks57@ocn.ne.jp,53.56,error: comparison of String with 0 failed
189,Tam,Cuel,tcuel58@omniture.com,76.94,error: comparison of String with 0 failed
190,Glennie,Hrus,ghrus59@tinyurl.com,49.0,error: comparison of String with 0 failed
191,Viviene,Titmarsh,vtitmarsh5a@foxnews.com,15.81,error: comparison of String with 0 failed
192,Raquel,Cabrera,rcabrera5b@nationalgeographic.com,59.01,error: comparison of String with 0 failed
193,Xena,Whebell,xwhebell5c@usa.gov,66.87,error: comparison of String with 0 failed
194,Caleb,Edgeller,cedgeller5d@barnesandnoble.com,2.49,error: comparison of String with 0 failed
195,Marshall,Bothams,mbothams5e@dell.com,40.04,error: comparison of String with 0 failed
196,Charo,Hanrott,chanrott5f@github.com,24.54,error: comparison of String with 0 failed
197,Mayor,Hens,mhens5g@epa.gov,98.63,error: comparison of String with 0 failed
198,Tressa,Farries,tfarries5h@gmpg.org,65.65,error: comparison of String with 0 failed
199,Myrilla,Megany,mmegany5i@cocolog-nifty.com,30.11,error: comparison of String with 0 failed
200,Kristy,Bonds,kbonds5j@phpbb.com,18.54,error: comparison of String with 0 failed
201,Joice,Gunning,jgunning5k@goo.ne.jp,88.85,error: comparison of String with 0 failed
202,Gisele,Butland,gbutland5l@microsoft.com,54.86,error: comparison of String with 0 failed
203,Bill,Smales,bsmales5m@deviantart.com,17.4,error: comparison of String with 0 failed
204,Arni,Noor,anoor5n@go.com,3.71,error: comparison of String with 0 failed
205,Isabeau,Lloyd,illoyd5o@cyberchimps.com,4.6,error: comparison of String with 0 failed
206,Herc,Hurl,hhurl5p@cdbaby.com,61.49,error: comparison of String with 0 failed
207,Jocelyn,Nolan,jnolan5q@admin.ch,54.57,error: comparison of String with 0 failed
208,Kerianne,Steaning,ksteaning5r@over-blog.com,13.11,error: comparison of String with 0 failed
209,Eveleen,Queenborough,equeenborough5s@zdnet.com,5.86,error: comparison of String with 0 failed
210,Ortensia,Giacomelli,ogiacomelli5t@storify.com,29.72,error: comparison of String with 0 failed
211,Celina,Dilland,cdilland5u@sbwire.com,70.68,error: comparison of String with 0 failed
212,Worthy,Goodayle,wgoodayle5v@hibu.com,49.25,error: comparison of String with 0 failed
213,Joshia,Ingliby,jingliby5w@house.gov,41.95,error: comparison of String with 0 failed
214,Ulysses,Grindall,ugrindall5x@tamu.edu,62.41,error: comparison of String with 0 failed
215,Aeriela,Gajewski,agajewski5y@wordpress.org,6.82,error: comparison of String with 0 failed
216,Carce,Rutgers,crutgers5z@tiny.cc,67.92,error: comparison of String with 0 failed
217,Vasily,Cluse,vcluse60@indiegogo.com,83.54,error: comparison of String with 0 failed
218,Kassey,Rickard,krickard61@usatoday.com,90.11,error: comparison of String with 0 failed
219,Meier,Schrir,mschrir62@google.nl,78.83,error: comparison of String with 0 failed
220,Jareb,Harby,jharby63@state.tx.us,46.12,error: comparison of String with 0 failed
221,Buddie,Passmore,bpassmore64@yellowpages.com,46.98,error: comparison of String with 0 failed
222,Jonis,Fanshawe,jfanshawe65@simplemachines.org,97.82,error: comparison of String with 0 failed
223,Anestassia,Behnecken,abehnecken66@gnu.org,26.59,error: comparison of String with 0 failed
224,Ketty,Lello,klello67@arizona.edu,34.45,error: comparison of String with 0 failed
225,Maurits,Manchester,mmanchester68@apple.com,43.22,error: comparison of String with 0 failed
226,Hayes,Dionisio,hdionisio69@theglobeandmail.com,24.76,error: comparison of String with 0 failed
227,Mavra,Bradnocke,mbradnocke6a@google.com,11.24,error: comparison of String with 0 failed
228,Marten,Cockin,mcockin6b@oaic.gov.au,21.11,error: comparison of String with 0 failed
229,Heddie,Dews,hdews6c@cnn.com,21.32,error: comparison of String with 0 failed
230,Elsy,Messenger,emessenger6d@twitter.com,26.04,error: comparison of String with 0 failed
231,Ambros,Chattey,achattey6e@ihg.com,11.65,error: comparison of String with 0 failed
232,Alaric,Hillburn,ahillburn6f@google.cn,19.42,error: comparison of String with 0 failed
233,Bourke,Bartram,bbartram6g@state.tx.us,66.27,error: comparison of String with 0 failed
234,Cynthy,Kervin,ckervin6h@statcounter.com,51.04,error: comparison of String with 0 failed
235,Worthington,Linebarger,wlinebarger6i@people.com.cn,22.38,error: comparison of String with 0 failed
236,Anatole,Toller,atoller6j@reference.com,32.6,error: comparison of String with 0 failed
237,King,Evert,kevert6k@blogtalkradio.com,34.97,error: comparison of String with 0 failed
238,Stafford,Mogie,smogie6l@drupal.org,55.54,error: comparison of String with 0 failed
239,Molly,Whaites,mwhaites6m@photobucket.com,37.58,error: comparison of String with 0 failed
240,Torin,Timbridge,ttimbridge6n@spiegel.de,55.18,error: comparison of String with 0 failed
241,Koral,Toward,ktoward6o@soundcloud.com,3.16,error: comparison of String with 0 failed
242,Celine,Formby,cformby6p@amazonaws.com,29.55,error: comparison of String with 0 failed
243,Caralie,Neeves,cneeves6q@unicef.org,51.97,error: comparison of String with 0 failed
244,Christa,Abden,cabden6r@slashdot.org,23.55,error: comparison of String with 0 failed
245,Chance,Steen,csteen6s@cornell.edu,51.18,error: comparison of String with 0 failed
246,Vivianna,Gerhts,vgerhts6t@myspace.com,33.79,error: comparison of String with 0 failed
247,Morton,Menghi,mmenghi6u@dyndns.org,5.48,error: comparison of String with 0 failed
248,Mata,Suddaby,msuddaby6v@unc.edu,7.67,error: comparison of String with 0 failed
249,Joaquin,Daldry,jdaldry6w@nationalgeographic.com,47.47,error: comparison of String with 0 failed
250,Kaila,Learmount,klearmount6x@sphinn.com,10.42,error: comparison of String with 0 failed
251,Gaspard,Manntschke,gmanntschke6y@flavors.me,57.63,error: comparison of String with 0 failed
252,Abbey,Danelut,adanelut6z@jigsy.com,26.85,error: comparison of String with 0 failed
253,Fair,Course,fcourse70@homestead.com,94.1,error: comparison of String with 0 failed
254,Derk,d'Escoffier,ddescoffier71@wikipedia.org,54.06,error: comparison of String with 0 failed
255,Moshe,Pharoah,mpharoah72@ihg.com,26.52,error: comparison of String with 0 failed
256,Geralda,Seatter,gseatter73@netscape.com,34.35,error: comparison of String with 0 failed
257,Kellia,Hymus,khymus74@ebay.co.uk,57.7,error: comparison of String with 0 failed
258,Caprice,Jansen,cjansen75@macromedia.com,53.05,error: comparison of String with 0 failed
259,Xymenes,Croose,xcroose76@who.int,24.17,error: comparison of String with 0 failed
260,Farra,Maskrey,fmaskrey77@europa.eu,35.14,error: comparison of String with 0 failed
261,Lock,Cannam,lcannam78@4shared.com,77.23,error: comparison of String with 0 failed
262,Rayna,Gonthier,rgonthier79@nifty.com,28.61,error: comparison of String with 0 failed
263,Prescott,Levene,plevene7a@vistaprint.com,88.24,error: comparison of String with 0 failed
264,Sandye,Bridle,sbridle7b@ycombinator.com,50.38,error: comparison of String with 0 failed
265,Giustino,Espinha,gespinha7c@ucoz.ru,27.97,error: comparison of String with 0 failed
266,Bride,Fawlo,bfawlo7d@pbs.org,94.08,error: comparison of String with 0 failed
267,Pattie,Crawshaw,pcrawshaw7e@vkontakte.ru,93.15,error: comparison of String with 0 failed
268,Jyoti,Samsin,jsamsin7f@cmu.edu,39.96,error: comparison of String with 0 failed
269,Joceline,Jerg,jjerg7g@wiley.com,82.92,error: comparison of String with 0 failed
270,Terri-jo,Stevani,tstevani7h@mapy.cz,97.68,error: comparison of String with 0 failed
271,Wendell,Eckert,weckert7i@themeforest.net,84.62,error: comparison of String with 0 failed
272,Clive,Armitt,carmitt7j@unicef.org,41.02,error: comparison of String with 0 failed
273,Anderson,Fardon,afardon7k@w3.org,48.26,error: comparison of String with 0 failed
274,Avril,Triggs,atriggs7l@jalbum.net,11.22,error: comparison of String with 0 failed
275,Frants,Ivshin,fivshin7m@bigcartel.com,52.45,error: comparison of String with 0 failed
276,Lettie,Snedden,lsnedden7n@163.com,61.13,error: comparison of String with 0 failed
277,Rosa,Halston,rhalston7o@msn.com,78.96,error: comparison of String with 0 failed
278,Benjamen,Caesmans,bcaesmans7p@statcounter.com,92.17,error: comparison of String with 0 failed
279,Terza,Jarmain,tjarmain7q@theatlantic.com,80.36,error: comparison of String with 0 failed
280,Kristina,Duckworth,kduckworth7r@angelfire.com,78.82,error: comparison of String with 0 failed
281,Rock,Illiston,rilliston7s@home.pl,85.81,error: comparison of String with 0 failed
282,Hagen,Cottill,hcottill7t@mozilla.org,95.42,error: comparison of String with 0 failed
283,Blinnie,Calderbank,bcalderbank7u@pcworld.com,56.67,error: comparison of String with 0 failed
284,Woodrow,Steptow,wsteptow7v@godaddy.com,17.56,error: comparison of String with 0 failed
285,Nisse,De Freyne,ndefreyne7w@berkeley.edu,54.33,error: comparison of String with 0 failed
286,Susan,Spurrett,sspurrett7x@columbia.edu,1.51,error: comparison of String with 0 failed
287,Whitney,Glackin,wglackin7y@miibeian.gov.cn,81.44,error: comparison of String with 0 failed
288,Goldi,Mc Caughan,gmccaughan7z@msu.edu,38.79,error: comparison of String with 0 failed
289,Fredi,Spavins,fspavins80@rakuten.co.jp,89.08,error: comparison of String with 0 failed
290,Angelica,Bambra,abambra81@domainmarket.com,43.91,error: comparison of String with 0 failed
291,Clifford,Tofanini,ctofanini82@youtu.be,64.07,error: comparison of String with 0 failed
292,Ewen,Yegorkov,eyegorkov83@typepad.com,91.12,error: comparison of String with 0 failed
293,Wendall,Stanyer,wstanyer84@xing.com,11.02,error: comparison of String with 0 failed
294,Edan,O'Brogane,eobrogane85@army.mil,1.95,error: comparison of String with 0 failed
295,Aharon,Readett,areadett86@paginegialle.it,57.7,error: comparison of String with 0 failed
296,Patrica,Pothbury,ppothbury87@bravesites.com,30.82,error: comparison of String with 0 failed
297,Udale,Walstow,uwalstow88@bloglines.com,13.36,error: comparison of String with 0 failed
298,Seka,Girardin,sgirardin89@bbc.co.uk,52.67,error: comparison of String with 0 failed
299,Merry,Padmore,mpadmore8a@telegraph.co.uk,3.21,error: comparison of String with 0 failed
300,Otes,Romain,oromain8b@artisteer.com,19.58,error: comparison of String with 0 failed
301,Jarret,O'Fihily,jofihily8c@si.edu,6.64,error: comparison of String with 0 failed
302,Gill,Kenryd,gkenryd8d@census.gov,65.78,error: comparison of String with 0 failed
303,Rosana,Gemeau,rgemeau8e@wisc.edu,22.71,error: comparison of String with 0 failed
304,Anselm,Juszkiewicz,ajuszkiewicz8f@ucoz.ru,32.71,error: comparison of String with 0 failed
305,Laurella,Thompsett,lthompsett8g@forbes.com,61.58,error: comparison of String with 0 failed
306,Lucie,Wakely,lwakely8h@cbslocal.com,45.64,error: comparison of String with 0 failed
307,Sabina,Bath,sbath8i@java.com,28.15,error: comparison of String with 0 failed
308,Vick,Radolf,vradolf8j@reuters.com,41.88,error: comparison of String with 0 failed
309,Jeannie,Baldwin,jbaldwin8k@archive.org,72.95,error: comparison of String with 0 failed
310,Padraic,Denman,pdenman8l@usatoday.com,42.4,error: comparison of String with 0 failed
311,Fionna,Kilalea,fkilalea8m@nbcnews.com,76.04,error: comparison of String with 0 failed
312,Chelsey,Masterman,cmasterman8n@prlog.org,69.21,error: comparison of String with 0 failed
313,Vivia,Berrey,vberrey8o@angelfire.com,6.25,error: comparison of String with 0 failed
314,Rutger,McCrohon,rmccrohon8p@chicagotribune.com,65.63,error: comparison of String with 0 failed
315,Cross,Bridle,cbridle8q@wsj.com,94.78,error: comparison of String with 0 failed
316,Reg,Mars,rmars8r@oakley.com,33.6,error: comparison of String with 0 failed
317,Cross,Muir,cmuir8s@amazon.de,8.07,error: comparison of String with 0 failed
318,Margaretha,La Torre,mlatorre8t@github.com,27.81,error: comparison of String with 0 failed
319,Joshuah,Learmouth,jlearmouth8u@ibm.com,15.65,error: comparison of String with 0 failed
320,Aviva,Dragoe,adragoe8v@bloomberg.com,92.96,error: comparison of String with 0 failed
321,Rancell,Hutcheson,rhutcheson8w@shareasale.com,32.11,error: comparison of String with 0 failed
322,Melony,Crinson,mcrinson8x@123-reg.co.uk,5.17,error: comparison of String with 0 failed
323,Cherie,Grassin,cgrassin8y@istockphoto.com,71.12,error: comparison of String with 0 failed
324,Kennan,Oldland,koldland8z@weibo.com,80.82,error: comparison of String with 0 failed
325,Midge,Elves,melves90@people.com.cn,58.0,error: comparison of String with 0 failed
326,Van,Ortas,vortas91@craigslist.org,53.97,error: comparison of String with 0 failed
327,Rafael,Parker,rparker92@yahoo.com,84.53,error: comparison of String with 0 failed
328,Cloris,Northcott,cnorthcott93@ow.ly,74.31,error: comparison of String with 0 failed
329,Crystie,Enders,cenders94@example.com,78.94,error: comparison of String with 0 failed
330,Jeremy,Fateley,jfateley95@issuu.com,66.73,error: comparison of String with 0 failed
331,Tillie,Saffran,tsaffran96@php.net,68.62,error: comparison of String with 0 failed
332,Shalom,Warrillow,swarrillow97@bloglovin.com,38.69,error: comparison of String with 0 failed
333,Zak,Laslett,zlaslett98@yellowpages.com,98.05,error: comparison of String with 0 failed
334,Mercie,Bearham,mbearham99@accuweather.com,61.4,error: comparison of String with 0 failed
335,Hubey,Toping,htoping9a@alexa.com,21.56,error: comparison of String with 0 failed
336,Brandea,Date,bdate9b@google.cn,92.93,error: comparison of String with 0 failed
337,Belinda,MacIver,bmaciver9c@earthlink.net,17.45,error: comparison of String with 0 failed
338,Winifield,Sertin,wsertin9d@phpbb.com,53.13,error: comparison of String with 0 failed
339,Deeyn,Alyonov,dalyonov9e@si.edu,2.66,error: comparison of String with 0 failed
340,Chloette,Batter,cbatter9f@loc.gov,84.96,error: comparison of String with 0 failed
341,Linn,Stronghill,lstronghill9g@themeforest.net,7.66,error: comparison of String with 0 failed
342,Corry,Passion,cpassion9h@guardian.co.uk,84.6,error: comparison of String with 0 failed
343,Electra,Cavendish,ecavendish9i@home.pl,38.74,error: comparison of String with 0 failed
344,Merwin,Shivell,mshivell9j@vk.com,22.53,error: comparison of String with 0 failed
345,Coletta,Adelman,cadelman9k@shutterfly.com,23.61,error: comparison of String with 0 failed
346,Gregory,Eakley,geakley9l@timesonline.co.uk,19.99,error: comparison of String with 0 failed
347,Levy,Stiven,lstiven9m@state.gov,84.84,error: comparison of String with 0 failed
348,Tuesday,Kettlestringes,tkettlestringes9n@bbb.org,40.42,error: comparison of String with 0 failed
349,Rayner,Whistan,rwhistan9o@friendfeed.com,12.39,error: comparison of String with 0 failed
350,Nisse,Polhill,npolhill9p@pen.io,3.3,error: comparison of String with 0 failed
351,Forrester,Alywin,falywin9q@sphinn.com,50.64,error: comparison of String with 0 failed
352,Laura,Callard,lcallard9r@narod.ru,9.89,error: comparison of String with 0 failed
353,Tedmund,Puddan,tpuddan9s@cnn.com,55.22,error: comparison of String with 0 failed
354,Dalli,Sweating,dsweating9t@ox.ac.uk,9.99,error: comparison of String with 0 failed
355,Charmane,Arnould,carnould9u@pinterest.com,95.44,error: comparison of String with 0 failed
356,Antonie,Helis,ahelis9v@nyu.edu,27.04,error: comparison of String with 0 failed
357,Delmore,Kerne,dkerne9w@buzzfeed.com,50.98,error: comparison of String with 0 failed
358,Abby,Chasson,achasson9x@dropbox.com,95.08,error: comparison of String with 0 failed
359,Morty,Light,mlight9y@seattletimes.com,46.75,error: comparison of String with 0 failed
360,Lian,Howison,lhowison9z@smh.com.au,37.7,error: comparison of String with 0 failed
361,Kingsley,Hallgate,khallgatea0@cpanel.net,77.16,error: comparison of String with 0 failed
362,Carrol,Grimstead,cgrimsteada1@seattletimes.com,43.19,error: comparison of String with 0 failed
363,Reese,Rennenbach,rrennenbacha2@last.fm,73.92,error: comparison of String with 0 failed
364,Audrey,Millgate,amillgatea3@t-online.de,10.29,error: comparison of String with 0 failed
365,Isabeau,Force,iforcea4@amazon.com,39.44,error: comparison of String with 0 failed
366,Ashla,Chidgey,achidgeya5@friendfeed.com,25.96,error: comparison of String with 0 failed
367,Trace,Chasen,tchasena6@elpais.com,4.54,error: comparison of String with 0 failed
368,Roda,Parratt,rparratta7@intel.com,31.56,error: comparison of String with 0 failed
369,Charlotte,Kershow,ckershowa8@icq.com,63.54,error: comparison of String with 0 failed
370,Eadmund,Cackett,ecacketta9@com.com,45.78,error: comparison of String with 0 failed
371,Janenna,Toppes,jtoppesaa@npr.org,29.06,error: comparison of String with 0 failed
372,Jewel,Trewhella,jtrewhellaab@jiathis.com,62.37,error: comparison of String with 0 failed
373,Karin,Roubay,kroubayac@hugedomains.com,74.74,error: comparison of String with 0 failed
374,Jennine,Hallaways,jhallawaysad@phpbb.com,99.12,error: comparison of String with 0 failed
375,Corrie,Wichard,cwichardae@php.net,8.78,error: comparison of String with 0 failed
376,Bjorn,Flanagan,bflanaganaf@bizjournals.com,85.62,error: comparison of String with 0 failed
377,Hattie,Restall,hrestallag@opensource.org,97.32,error: comparison of String with 0 failed
378,Phil,Golightly,pgolightlyah@reddit.com,53.94,error: comparison of String with 0 failed
379,Keenan,Troke,ktrokeai@cornell.edu,18.16,error: comparison of String with 0 failed
380,Brittni,Brickwood,bbrickwoodaj@ft.com,65.81,error: comparison of String with 0 failed
381,Brooks,Corbet,bcorbetak@wsj.com,68.11,error: comparison of String with 0 failed
382,Viv,Van de Velde,vvandeveldeal@cnet.com,68.77,error: comparison of String with 0 failed
383,Adriaens,Pittendreigh,apittendreigham@sciencedirect.com,13.78,error: comparison of String with 0 failed
384,Hattie,Abotson,habotsonan@psu.edu,6.45,error: comparison of String with 0 failed
385,Brigham,Kahler,bkahlerao@stanford.edu,70.58,error: comparison of String with 0 failed
386,Lindon,Borres,lborresap@cisco.com,18.35,error: comparison of String with 0 failed
387,Brigit,Brummell,bbrummellaq@mysql.com,7.0,error: comparison of String with 0 failed
388,Berte,Gainsford,bgainsfordar@issuu.com,51.76,error: comparison of String with 0 failed
389,Mendel,Gallie,mgallieas@merriam-webster.com,17.06,error: comparison of String with 0 failed
390,Gibbie,Lambricht,glambrichtat@alibaba.com,14.92,error: comparison of String with 0 failed
391,Farley,D'Hooge,fdhoogeau@google.co.uk,96.67,error: comparison of String with 0 failed
392,Savina,Pallent,spallentav@ucoz.ru,91.51,error: comparison of String with 0 failed
393,Oriana,Kirsopp,okirsoppaw@wsj.com,82.83,error: comparison of String with 0 failed
394,Anne-corinne,Pray,aprayax@jiathis.com,62.08,error: comparison of String with 0 failed
395,Josselyn,Rogliero,jroglieroay@nifty.com,12.6,error: comparison of String with 0 failed
396,Jennee,Deem,jdeemaz@photobucket.com,68.54,error: comparison of String with 0 failed
397,Berky,MacRirie,bmacririeb0@addthis.com,35.04,error: comparison of String with 0 failed
398,Karoly,McQuade,kmcquadeb1@typepad.com,78.7,error: comparison of String with 0 failed
399,Abigail,Thurling,athurlingb2@cloudflare.com,83.65,error: comparison of String with 0 failed
400,Hugues,Gregolin,hgregolinb3@mail.ru,78.48,error: comparison of String with 0 failed
401,Raddy,Simoncini,rsimoncinib4@simplemachines.org,14.17,error: comparison of String with 0 failed
402,Sancho,Springett,sspringettb5@reference.com,87.98,error: comparison of String with 0 failed
403,Bernard,Nisuis,bnisuisb6@ca.gov,61.02,error: comparison of String with 0 failed
404,Lurette,Chstney,lchstneyb7@themeforest.net,35.92,error: comparison of String with 0 failed
405,Yorker,Houten,yhoutenb8@whitehouse.gov,98.28,error: comparison of String with 0 failed
406,Tilda,Parkhouse,tparkhouseb9@typepad.com,82.4,error: comparison of String with 0 failed
407,Jessalyn,Richin,jrichinba@rediff.com,84.8,error: comparison of String with 0 failed
408,Kaleb,O'Lynn,kolynnbb@addtoany.com,22.72,error: comparison of String with 0 failed
409,Garik,Worcs,gworcsbc@eventbrite.com,54.42,error: comparison of String with 0 failed
410,Ladonna,Beebis,lbeebisbd@timesonline.co.uk,61.73,error: comparison of String with 0 failed
411,Garrard,Braven,gbravenbe@homestead.com,11.55,error: comparison of String with 0 failed
412,Maureene,Brownsea,mbrownseabf@delicious.com,14.33,error: comparison of String with 0 failed
413,Latashia,Higgan,lhigganbg@usnews.com,58.4,error: comparison of String with 0 failed
414,Sylas,Iannuzzelli,siannuzzellibh@xrea.com,93.13,error: comparison of String with 0 failed
415,Melodie,Sharpling,msharplingbi@jimdo.com,64.12,error: comparison of String with 0 failed
416,Freeman,Nisard,fnisardbj@chicagotribune.com,96.96,error: comparison of String with 0 failed
417,Denna,Defew,ddefewbk@taobao.com,75.48,error: comparison of String with 0 failed
418,Fanni,Neillans,fneillansbl@ted.com,8.05,error: comparison of String with 0 failed
419,Asher,Osbourne,aosbournebm@seesaa.net,7.73,error: comparison of String with 0 failed
420,Ricardo,Caustick,rcaustickbn@nhs.uk,8.54,error: comparison of String with 0 failed
421,Kristofer,Fisbey,kfisbeybo@youtu.be,9.51,error: comparison of String with 0 failed
422,Cordie,Falck,cfalckbp@amazon.co.jp,26.08,error: comparison of String with 0 failed
423,Bjorn,Adamczyk,badamczykbq@state.gov,79.18,error: comparison of String with 0 failed
424,Neville,Remnant,nremnantbr@ovh.net,33.28,error: comparison of String with 0 failed
425,Katey,Schouthede,kschouthedebs@sfgate.com,87.25,error: comparison of String with 0 failed
426,Ailis,Petri,apetribt@blog.com,54.31,error: comparison of String with 0 failed
427,Maryann,Philip,mphilipbu@mac.com,16.8,error: comparison of String with 0 failed
428,Dyanne,Quartermain,dquartermainbv@independent.co.uk,94.13,error: comparison of String with 0 failed
429,Cinnamon,Kynman,ckynmanbw@apache.org,7.71,error: comparison of String with 0 failed
430,Allene,Van Velden,avanveldenbx@dot.gov,3.56,error: comparison of String with 0 failed
431,Doloritas,Fenkel,dfenkelby@ezinearticles.com,90.98,error: comparison of String with 0 failed
432,Josie,Youhill,jyouhillbz@abc.net.au,34.49,error: comparison of String with 0 failed
433,Lona,Jentges,ljentgesc0@topsy.com,4.75,error: comparison of String with 0 failed
434,Cher,Haversham,chavershamc1@reddit.com,85.73,error: comparison of String with 0 failed
435,Dominique,Newling,dnewlingc2@mac.com,30.73,error: comparison of String with 0 failed
436,Quincy,Dicky,qdickyc3@diigo.com,27.12,error: comparison of String with 0 failed
437,Price,Hutfield,phutfieldc4@constantcontact.com,27.09,error: comparison of String with 0 failed
438,Donny,Truett,dtruettc5@npr.org,44.46,error: comparison of String with 0 failed
439,Kaye,Beven,kbevenc6@shutterfly.com,95.67,error: comparison of String with 0 failed
440,Kean,Conklin,kconklinc7@4shared.com,26.64,error: comparison of String with 0 failed
441,Murdock,Vallery,mvalleryc8@seesaa.net,50.7,error: comparison of String with 0 failed
442,Tiffi,Staunton,tstauntonc9@aboutads.info,79.36,error: comparison of String with 0 failed
443,Raye,Buxton,rbuxtonca@ted.com,75.67,error: comparison of String with 0 failed
444,Jarrid,Puttick,jputtickcb@howstuffworks.com,83.82,error: comparison of String with 0 failed
445,Seka,Westmacott,swestmacottcc@newyorker.com,44.48,error: comparison of String with 0 failed
446,Ban,Weinberg,bweinbergcd@printfriendly.com,50.51,error: comparison of String with 0 failed
447,Warner,Huntley,whuntleyce@google.com.au,23.53,error: comparison of String with 0 failed
448,Winnah,Milverton,wmilvertoncf@networksolutions.com,85.55,error: comparison of String with 0 failed
449,Udell,Reid,ureidcg@google.co.jp,91.28,error: comparison of String with 0 failed
450,Lindy,D'Hooghe,ldhooghech@about.com,46.89,error: comparison of String with 0 failed
451,Shaun,Engledow,sengledowci@answers.com,60.9,error: comparison of String with 0 failed
452,Jamie,Loftus,jloftuscj@csmonitor.com,14.9,error: comparison of String with 0 failed
453,Curcio,Woolager,cwoolagerck@kickstarter.com,38.56,error: comparison of String with 0 failed
454,Amata,Clampett,aclampettcl@ameblo.jp,44.47,error: comparison of String with 0 failed
455,Danit,Stirrip,dstirripcm@hostgator.com,89.68,error: comparison of String with 0 failed
456,Paulo,Runcie,prunciecn@scribd.com,11.98,error: comparison of String with 0 failed
457,Lolly,Fell,lfellco@tinypic.com,30.1,error: comparison of String with 0 failed
458,Cad,Dyzart,cdyzartcp@yolasite.com,21.04,error: comparison of String with 0 failed
459,Stacey,Montfort,smontfortcq@wisc.edu,36.62,error: comparison of String with 0 failed
460,Slade,Knuckles,sknucklescr@plala.or.jp,14.28,error: comparison of String with 0 failed
461,Lombard,Willas,lwillascs@cbsnews.com,94.77,error: comparison of String with 0 failed
462,Timmie,Klausewitz,tklausewitzct@facebook.com,72.94,error: comparison of String with 0 failed
463,Aleen,Clogg,acloggcu@pagesperso-orange.fr,87.86,error: comparison of String with 0 failed
464,Sig,Kisbey,skisbeycv@yellowbook.com,5.39,error: comparison of String with 0 failed
465,Elliott,Casina,ecasinacw@cnbc.com,72.84,error: comparison of String with 0 failed
466,Dyann,Thurman,dthurmancx@1688.com,27.4,error: comparison of String with 0 failed
467,Kissiah,Belfitt,kbelfittcy@senate.gov,88.56,error: comparison of String with 0 failed
468,Codee,Maberley,cmaberleycz@ovh.net,46.67,error: comparison of String with 0 failed
469,Caldwell,Reilinger,creilingerd0@bravesites.com,48.87,error: comparison of String with 0 failed
470,Katharina,Spittle,kspittled1@chicagotribune.com,38.35,error: comparison of String with 0 failed
471,Chris,Broadfield,cbroadfieldd2@unicef.org,92.99,error: comparison of String with 0 failed
472,Sandy,Gier,sgierd3@ameblo.jp,53.9,error: comparison of String with 0 failed
473,Olympia,Winn,owinnd4@scientificamerican.com,14.68,error: comparison of String with 0 failed
474,Dori,Overpool,doverpoold5@creativecommons.org,31.83,error: comparison of String with 0 failed
475,Darnell,Brusle,dbrusled6@behance.net,74.79,error: comparison of String with 0 failed
476,Bink,Corrigan,bcorrigand7@cornell.edu,67.4,error: comparison of String with 0 failed
477,Gallard,Christophersen,gchristophersend8@themeforest.net,80.98,error: comparison of String with 0 failed
478,Penni,Galer,pgalerd9@goo.ne.jp,90.0,error: comparison of String with 0 failed
479,Mallory,Wickerson,mwickersonda@harvard.edu,64.98,error: comparison of String with 0 failed
480,Karla,Tapp,ktappdb@bluehost.com,56.03,error: comparison of String with 0 failed
481,Cati,Lorrain,clorraindc@php.net,18.01,error: comparison of String with 0 failed
482,Nada,Kleinbaum,nkleinbaumdd@huffingtonpost.com,44.17,error: comparison of String with 0 failed
483,Hashim,Roll,hrollde@guardian.co.uk,48.84,error: comparison of String with 0 failed
484,Robina,Fane,rfanedf@zdnet.com,72.35,error: comparison of String with 0 failed
485,Jerrold,Larrosa,jlarrosadg@va.gov,49.5,error: comparison of String with 0 failed
486,Inga,Crofthwaite,icrofthwaitedh@bloglines.com,76.82,error: comparison of String with 0 failed
487,Sheffy,Tiner,stinerdi@engadget.com,19.14,error: comparison of String with 0 failed
488,Hunt,Duckerin,hduckerindj@last.fm,81.06,error: comparison of String with 0 failed
489,Alyssa,Mattia,amattiadk@google.com.br,38.3,error: comparison of String with 0 failed
490,Booth,Collings,bcollingsdl@hhs.gov,69.91,error: comparison of String with 0 failed
491,Enrika,Balazin,ebalazindm@ezinearticles.com,88.49,error: comparison of String with 0 failed
492,Amandy,Sandison,asandisondn@dropbox.com,71.18,error: comparison of String with 0 failed
493,Sayer,Gorick,sgorickdo@delicious.com,43.76,error: comparison of String with 0 failed
494,Blythe,Schreiner,bschreinerdp@about.me,25.76,error: comparison of String with 0 failed
495,Zolly,Osanne,zosannedq@deliciousdays.com,76.49,error: comparison of String with 0 failed
496,Phoebe,Bovis,pbovisdr@ftc.gov,82.29,error: comparison of String with 0 failed
497,Mellicent,Old,moldds@goo.ne.jp,62.0,error: comparison of String with 0 failed
498,Drud,French,dfrenchdt@berkeley.edu,79.68,error: comparison of String with 0 failed
499,Harris,Rallinshaw,hrallinshawdu@springer.com,60.72,error: comparison of String with 0 failed
500,Teodoor,Piggott,tpiggottdv@acquirethisname.com,1.39,error: comparison of String with 0 failed
501,Roana,Louch,rlouchdw@huffingtonpost.com,41.87,error: comparison of String with 0 failed
502,Ramona,McArthur,rmcarthurdx@surveymonkey.com,8.54,error: comparison of String with 0 failed
503,Witty,Blankett,wblankettdy@example.com,90.88,error: comparison of String with 0 failed
504,Loella,Jeandet,ljeandetdz@weibo.com,60.74,error: comparison of String with 0 failed
505,Patricia,Ballintyne,pballintynee0@dot.gov,6.81,error: comparison of String with 0 failed
506,Kerby,Tosdevin,ktosdevine1@bloglines.com,79.63,error: comparison of String with 0 failed
507,Dedra,Haggata,dhaggatae2@discovery.com,76.95,error: comparison of String with 0 failed
508,Cortie,Roller,crollere3@phoca.cz,98.47,error: comparison of String with 0 failed
509,Aurelie,Minchindon,aminchindone4@printfriendly.com,93.39,error: comparison of String with 0 failed
510,Hugibert,Storrah,hstorrahe5@google.es,6.14,error: comparison of String with 0 failed
511,Marijo,Pantin,mpantine6@360.cn,46.27,error: comparison of String with 0 failed
512,Dalenna,Boshard,dbosharde7@fda.gov,56.85,error: comparison of String with 0 failed
513,Farly,Pearde,fpeardee8@nytimes.com,36.52,error: comparison of String with 0 failed
514,Spense,MacGilmartin,smacgilmartine9@usda.gov,86.77,error: comparison of String with 0 failed
515,David,Clemoes,dclemoesea@mac.com,85.34,error: comparison of String with 0 failed
516,Buckie,Fewell,bfewelleb@who.int,88.2,error: comparison of String with 0 failed
517,Chadd,Folks,cfolksec@google.nl,54.06,error: comparison of String with 0 failed
518,Jenda,Dacke,jdackeed@usda.gov,29.84,error: comparison of String with 0 failed
519,Jill,Scimone,jscimoneee@ehow.com,10.65,error: comparison of String with 0 failed
520,Durante,Molan,dmolanef@seattletimes.com,12.54,error: comparison of String with 0 failed
521,Tuck,Blaber,tblabereg@stumbleupon.com,54.82,error: comparison of String with 0 failed
522,Felicio,Djokovic,fdjokoviceh@guardian.co.uk,9.81,error: comparison of String with 0 failed
523,Dillie,Bonnaire,dbonnaireei@bizjournals.com,45.2,error: comparison of String with 0 failed
524,Kay,O'Carroll,kocarrollej@constantcontact.com,70.51,error: comparison of String with 0 failed
525,Reuben,Verralls,rverrallsek@tamu.edu,20.46,error: comparison of String with 0 failed
526,Wood,Rothert,wrothertel@craigslist.org,78.84,error: comparison of String with 0 failed
527,Farand,Chue,fchueem@pcworld.com,34.71,error: comparison of String with 0 failed
528,Faydra,Wittey,fwitteyen@huffingtonpost.com,21.59,error: comparison of String with 0 failed
529,Victoria,Heale,vhealeeo@discovery.com,30.69,error: comparison of String with 0 failed
530,Wilone,Beeson,wbeesonep@networksolutions.com,78.26,error: comparison of String with 0 failed
531,Nicolina,Spanton,nspantoneq@amazonaws.com,53.8,error: comparison of String with 0 failed
532,Frederich,Francie,ffrancieer@youtu.be,87.03,error: comparison of String with 0 failed
533,Anatollo,Berryann,aberryannes@mapy.cz,13.07,error: comparison of String with 0 failed
534,Iver,Cammocke,icammockeet@gmpg.org,3.93,error: comparison of String with 0 failed
535,Lesya,Resun,lresuneu@psu.edu,78.58,error: comparison of String with 0 failed
536,Catriona,Avann,cavannev@epa.gov,92.73,error: comparison of String with 0 failed
537,Diego,Moraleda,dmoraledaew@behance.net,24.14,error: comparison of String with 0 failed
538,Dun,Aspinell,daspinellex@imageshack.us,14.3,error: comparison of String with 0 failed
539,Nell,Pleuman,npleumaney@booking.com,75.24,error: comparison of String with 0 failed
540,Eziechiele,Iorio,eiorioez@twitter.com,54.57,error: comparison of String with 0 failed
541,Maurene,Chadwyck,mchadwyckf0@comcast.net,90.13,error: comparison of String with 0 failed
542,Trudey,Ciccotti,tciccottif1@kickstarter.com,21.69,error: comparison of String with 0 failed
543,Tiena,Zaniolini,tzaniolinif2@cbslocal.com,59.26,error: comparison of String with 0 failed
544,Abelard,Tither,atitherf3@twitter.com,80.75,error: comparison of String with 0 failed
545,Elsinore,Gorges,egorgesf4@wix.com,76.97,error: comparison of String with 0 failed
546,Allina,Franses,afransesf5@theguardian.com,55.12,error: comparison of String with 0 failed
547,Olympe,Leedal,oleedalf6@addthis.com,14.05,error: comparison of String with 0 failed
548,Kiel,Gibben,kgibbenf7@shutterfly.com,6.46,error: comparison of String with 0 failed
549,Wilek,Smaile,wsmailef8@deliciousdays.com,36.86,error: comparison of String with 0 failed
550,Rubetta,Zanuciolii,rzanucioliif9@alexa.com,72.42,error: comparison of String with 0 failed
551,Oates,Master,omasterfa@hhs.gov,1.1,error: comparison of String with 0 failed
552,Malva,Wrathall,mwrathallfb@canalblog.com,3.14,error: comparison of String with 0 failed
553,Archambault,Luchelli,aluchellifc@qq.com,98.6,error: comparison of String with 0 failed
554,Webster,Matchitt,wmatchittfd@drupal.org,17.02,error: comparison of String with 0 failed
555,Elke,Wellum,ewellumfe@nifty.com,52.51,error: comparison of String with 0 failed
556,Valentine,Heiden,vheidenff@uiuc.edu,74.12,error: comparison of String with 0 failed
557,Deeanne,Meaking,dmeakingfg@wp.com,73.8,error: comparison of String with 0 failed
558,Zelma,McLelland,zmclellandfh@rediff.com,77.93,error: comparison of String with 0 failed
559,Isadore,Lieb,iliebfi@tripadvisor.com,47.42,error: comparison of String with 0 failed
560,Sharleen,Jolliffe,sjolliffefj@foxnews.com,84.44,error: comparison of String with 0 failed
561,Sandi,Plume,splumefk@devhub.com,74.05,error: comparison of String with 0 failed
562,Leighton,O' Molan,lomolanfl@weibo.com,92.76,error: comparison of String with 0 failed
563,Jeanne,Postin,jpostinfm@digg.com,14.64,error: comparison of String with 0 failed
564,Antonio,MacNeice,amacneicefn@engadget.com,63.06,error: comparison of String with 0 failed
565,Brianne,Fowkes,bfowkesfo@ifeng.com,36.82,error: comparison of String with 0 failed
566,Devi,Hutchings,dhutchingsfp@census.gov,29.7,error: comparison of String with 0 failed
567,Emery,Kern,ekernfq@typepad.com,66.86,error: comparison of String with 0 failed
568,Lewes,Gardiner,lgardinerfr@blog.com,41.0,error: comparison of String with 0 failed
569,Zelig,Boydon,zboydonfs@reuters.com,58.95,error: comparison of String with 0 failed
570,Jeanne,Colbridge,jcolbridgeft@alexa.com,85.22,error: comparison of String with 0 failed
571,Iorgo,Blackall,iblackallfu@admin.ch,41.5,error: comparison of String with 0 failed
572,Dal,Ferrarin,dferrarinfv@tinyurl.com,5.67,error: comparison of String with 0 failed
573,Hannis,Fayter,hfayterfw@scribd.com,18.91,error: comparison of String with 0 failed
574,Bank,Tidswell,btidswellfx@apache.org,95.64,error: comparison of String with 0 failed
575,Carey,Migheli,cmighelify@virginia.edu,23.47,error: comparison of String with 0 failed
576,Fifi,Dominec,fdominecfz@friendfeed.com,70.19,error: comparison of String with 0 failed
577,Aubree,Hadeke,ahadekeg0@cnet.com,38.54,error: comparison of String with 0 failed
578,Meggy,Rawlingson,mrawlingsong1@state.tx.us,4.88,error: comparison of String with 0 failed
579,Ingaborg,Verralls,iverrallsg2@infoseek.co.jp,33.13,error: comparison of String with 0 failed
580,Hansiain,Rickarsey,hrickarseyg3@nature.com,29.62,error: comparison of String with 0 failed
581,Diane,Ghione,dghioneg4@mediafire.com,19.26,error: comparison of String with 0 failed
582,Giacinta,Cadlock,gcadlockg5@phpbb.com,21.98,error: comparison of String with 0 failed
583,Clemmy,Tettersell,ctettersellg6@japanpost.jp,82.52,error: comparison of String with 0 failed
584,Washington,Shepland,wsheplandg7@ehow.com,57.32,error: comparison of String with 0 failed
585,Margareta,Hynam,mhynamg8@go.com,17.23,error: comparison of String with 0 failed
586,Sophi,Lisimore,slisimoreg9@mozilla.com,20.99,error: comparison of String with 0 failed
587,Louie,Floyd,lfloydga@nyu.edu,72.26,error: comparison of String with 0 failed
588,Rudiger,Luckes,rluckesgb@baidu.com,37.74,error: comparison of String with 0 failed
589,Charil,Machen,cmachengc@patch.com,31.74,error: comparison of String with 0 failed
590,Barnard,Hannigan,bhannigangd@cbslocal.com,3.59,error: comparison of String with 0 failed
591,Rudolph,Cutchee,rcutcheege@businessinsider.com,48.03,error: comparison of String with 0 failed
592,Shalom,Smerdon,ssmerdongf@un.org,36.47,error: comparison of String with 0 failed
593,Amity,Grahlman,agrahlmangg@networkadvertising.org,38.27,error: comparison of String with 0 failed
594,Jennine,Chaucer,jchaucergh@sciencedaily.com,9.04,error: comparison of String with 0 failed
595,Stearne,Karlolak,skarlolakgi@wikimedia.org,74.97,error: comparison of String with 0 failed
596,Samuele,Lidgley,slidgleygj@unblog.fr,53.05,error: comparison of String with 0 failed
597,Zorine,Loraine,zlorainegk@meetup.com,48.15,error: comparison of String with 0 failed
598,Cyb,Mowne,cmownegl@goo.ne.jp,52.43,error: comparison of String with 0 failed
599,Winston,Sneaker,wsneakergm@ox.ac.uk,84.21,error: comparison of String with 0 failed
600,Fredek,Brownsill,fbrownsillgn@accuweather.com,16.55,error: comparison of String with 0 failed
601,Malachi,Dunridge,mdunridgego@cnet.com,30.66,error: comparison of String with 0 failed
602,Fairfax,Bailiss,fbailissgp@1und1.de,97.29,error: comparison of String with 0 failed
603,Almira,Rosenauer,arosenauergq@china.com.cn,52.36,error: comparison of String with 0 failed
604,Haywood,Tobias,htobiasgr@google.ru,7.27,error: comparison of String with 0 failed
605,Ettie,Thebes,ethebesgs@github.io,21.33,error: comparison of String with 0 failed
606,Marsha,Vandrill,mvandrillgt@gnu.org,57.82,error: comparison of String with 0 failed
607,Vicky,Clothier,vclothiergu@meetup.com,14.55,error: comparison of String with 0 failed
608,Lock,Brose,lbrosegv@msu.edu,42.74,error: comparison of String with 0 failed
609,Georgy,Aim,gaimgw@dailymotion.com,17.21,error: comparison of String with 0 failed
610,Bay,Caffin,bcaffingx@reuters.com,58.46,error: comparison of String with 0 failed
611,Jany,Sherborne,jsherbornegy@exblog.jp,35.98,error: comparison of String with 0 failed
612,Elston,Bennison,ebennisongz@aboutads.info,24.7,error: comparison of String with 0 failed
613,Jehu,Winwright,jwinwrighth0@cisco.com,10.04,error: comparison of String with 0 failed
614,Maurizia,Cicchitello,mcicchitelloh1@howstuffworks.com,14.0,error: comparison of String with 0 failed
615,Tillie,Cowe,tcoweh2@amazonaws.com,60.82,error: comparison of String with 0 failed
616,Sibylle,Manley,smanleyh3@angelfire.com,19.67,error: comparison of String with 0 failed
617,Brian,Butterley,bbutterleyh4@mtv.com,9.72,error: comparison of String with 0 failed
618,Alessandra,Grishanov,agrishanovh5@deviantart.com,24.37,error: comparison of String with 0 failed
619,Shandee,Kerridge,skerridgeh6@devhub.com,49.7,error: comparison of String with 0 failed
620,Melvin,Jollye,mjollyeh7@gravatar.com,76.26,error: comparison of String with 0 failed
621,Thibaut,Mableson,tmablesonh8@omniture.com,49.56,error: comparison of String with 0 failed
622,Daphene,Dalgarnowch,ddalgarnowchh9@apple.com,71.42,error: comparison of String with 0 failed
623,Robinson,Billows,rbillowsha@devhub.com,42.14,error: comparison of String with 0 failed
624,Daryl,Milne,dmilnehb@posterous.com,63.61,error: comparison of String with 0 failed
625,Tessie,Fennell,tfennellhc@51.la,93.65,error: comparison of String with 0 failed
626,Devland,Sterte,dstertehd@europa.eu,81.22,error: comparison of String with 0 failed
627,Jordain,Sprouls,jsproulshe@twitpic.com,87.37,error: comparison of String with 0 failed
628,Hewie,Baldini,hbaldinihf@cbc.ca,52.71,error: comparison of String with 0 failed
629,Brandtr,Lanchester,blanchesterhg@zimbio.com,93.56,error: comparison of String with 0 failed
630,Vittoria,Thoresbie,vthoresbiehh@shop-pro.jp,74.12,error: comparison of String with 0 failed
631,Codee,Thornber,cthornberhi@imageshack.us,59.58,error: comparison of String with 0 failed
632,Joelynn,Edden,jeddenhj@weebly.com,45.45,error: comparison of String with 0 failed
633,Loreen,Carlett,lcarletthk@vistaprint.com,44.94,error: comparison of String with 0 failed
634,Eugenius,Jakov,ejakovhl@example.com,73.49,error: comparison of String with 0 failed
635,Haily,O'Cassidy,hocassidyhm@comcast.net,8.16,error: comparison of String with 0 failed
636,Brooks,Padbery,bpadberyhn@addtoany.com,89.64,error: comparison of String with 0 failed
637,Elise,Hannen,ehannenho@sfgate.com,5.7,error: comparison of String with 0 failed
638,Mylo,Andrez,mandrezhp@sphinn.com,36.48,error: comparison of String with 0 failed
639,Laraine,Toyne,ltoynehq@feedburner.com,2.22,error: comparison of String with 0 failed
640,Bobby,Vicioso,bviciosohr@youku.com,52.51,error: comparison of String with 0 failed
641,Rockey,Wigglesworth,rwigglesworthhs@godaddy.com,4.29,error: comparison of String with 0 failed
642,Abigael,Tuffell,atuffellht@microsoft.com,69.98,error: comparison of String with 0 failed
643,Ermengarde,Waldram,ewaldramhu@360.cn,95.43,error: comparison of String with 0 failed
644,Dante,Woehler,dwoehlerhv@cornell.edu,70.57,error: comparison of String with 0 failed
645,Sonya,Jodlowski,sjodlowskihw@123-reg.co.uk,25.78,error: comparison of String with 0 failed
646,Fin,Crunden,fcrundenhx@msu.edu,55.12,error: comparison of String with 0 failed
647,Krystyna,Aspland,kasplandhy@bravesites.com,80.22,error: comparison of String with 0 failed
648,Brent,Bantham,bbanthamhz@ft.com,76.6,error: comparison of String with 0 failed
649,Misti,Le Monnier,mlemonnieri0@unblog.fr,62.77,error: comparison of String with 0 failed
650,Queenie,O'Day,qodayi1@soundcloud.com,88.02,error: comparison of String with 0 failed
651,Marthena,Loble,mloblei2@nih.gov,37.78,error: comparison of String with 0 failed
652,Analiese,Crosetti,acrosettii3@istockphoto.com,23.65,error: comparison of String with 0 failed
653,Cliff,Plimmer,cplimmeri4@bloglovin.com,26.55,error: comparison of String with 0 failed
654,Morrie,Gillan,mgillani5@ovh.net,11.52,error: comparison of String with 0 failed
655,Lu,Shinn,lshinni6@newsvine.com,72.67,error: comparison of String with 0 failed
656,Kristo,Loram,klorami7@blogspot.com,16.74,error: comparison of String with 0 failed
657,Ameline,Kalinsky,akalinskyi8@chronoengine.com,19.29,error: comparison of String with 0 failed
658,Roseanna,Girk,rgirki9@about.com,68.49,error: comparison of String with 0 failed
659,Teena,Conti,tcontiia@biblegateway.com,65.5,error: comparison of String with 0 failed
660,Blancha,Cleft,bcleftib@wsj.com,63.51,error: comparison of String with 0 failed
661,Ebba,Massel,emasselic@wikia.com,38.73,error: comparison of String with 0 failed
662,Ganny,Dykes,gdykesid@opera.com,43.5,error: comparison of String with 0 failed
663,Allin,Marzellano,amarzellanoie@illinois.edu,83.81,error: comparison of String with 0 failed
664,Roz,Morrant,rmorrantif@noaa.gov,74.55,error: comparison of String with 0 failed
665,Malinde,Dmitrichenko,mdmitrichenkoig@vistaprint.com,31.8,error: comparison of String with 0 failed
666,Gerianna,Peppard,gpeppardih@fc2.com,15.23,error: comparison of String with 0 failed
667,Janaye,Faldo,jfaldoii@theatlantic.com,99.75,error: comparison of String with 0 failed
668,Juliette,Simeone,jsimeoneij@ibm.com,82.38,error: comparison of String with 0 failed
669,Misty,Fallanche,mfallancheik@census.gov,12.21,error: comparison of String with 0 failed
670,Hortensia,Darleston,hdarlestonil@vinaora.com,62.92,error: comparison of String with 0 failed
671,Glendon,Burril,gburrilim@blogspot.com,11.98,error: comparison of String with 0 failed
672,Currie,Upjohn,cupjohnin@chronoengine.com,6.28,error: comparison of String with 0 failed
673,Trish,Breslau,tbreslauio@mediafire.com,43.19,error: comparison of String with 0 failed
674,Haily,Topham,htophamip@sphinn.com,9.97,error: comparison of String with 0 failed
675,Valli,Peasee,vpeaseeiq@apache.org,26.54,error: comparison of String with 0 failed
676,Drusi,McMeeking,dmcmeekingir@opensource.org,79.1,error: comparison of String with 0 failed
677,Lemuel,Syfax,lsyfaxis@theguardian.com,53.88,error: comparison of String with 0 failed
678,Lind,Popple,lpoppleit@unblog.fr,3.54,error: comparison of String with 0 failed
679,Niall,Bisgrove,nbisgroveiu@moonfruit.com,9.19,error: comparison of String with 0 failed
680,Noell,Clouston,ncloustoniv@usnews.com,63.06,error: comparison of String with 0 failed
681,Stu,Mish,smishiw@alexa.com,77.89,error: comparison of String with 0 failed
682,Hamid,Norcliff,hnorcliffix@rambler.ru,76.26,error: comparison of String with 0 failed
683,Marwin,Jancy,mjancyiy@bloglines.com,99.93,error: comparison of String with 0 failed
684,Rheba,Perocci,rperocciiz@cpanel.net,26.36,error: comparison of String with 0 failed
685,Edouard,Adshad,eadshadj0@ca.gov,90.63,error: comparison of String with 0 failed
686,Rahal,Zima,rzimaj1@twitter.com,93.22,error: comparison of String with 0 failed
687,Cassius,Heasly,cheaslyj2@alexa.com,76.02,error: comparison of String with 0 failed
688,Rina,Bellfield,rbellfieldj3@archive.org,41.84,error: comparison of String with 0 failed
689,Lorrie,O'Flaherty,loflahertyj4@washington.edu,29.5,error: comparison of String with 0 failed
690,Garland,Sleeford,gsleefordj5@so-net.ne.jp,36.93,error: comparison of String with 0 failed
691,Mychal,Robelow,mrobelowj6@noaa.gov,38.61,error: comparison of String with 0 failed
692,Salome,Crosston,scrosstonj7@mac.com,97.5,error: comparison of String with 0 failed
693,Barty,Roman,bromanj8@reddit.com,70.46,error: comparison of String with 0 failed
694,Liana,Nottle,lnottlej9@hud.gov,31.65,error: comparison of String with 0 failed
695,Poppy,Ive,piveja@usgs.gov,41.64,error: comparison of String with 0 failed
696,Nerta,Vasilyonok,nvasilyonokjb@rediff.com,54.33,error: comparison of String with 0 failed
697,Anastasia,Beldham,abeldhamjc@storify.com,31.9,error: comparison of String with 0 failed
698,Danette,Stallibrass,dstallibrassjd@phoca.cz,93.53,error: comparison of String with 0 failed
699,Barbie,Johanssen,bjohanssenje@angelfire.com,39.93,error: comparison of String with 0 failed
700,Patsy,Symms,psymmsjf@smh.com.au,8.19,error: comparison of String with 0 failed
701,Bridgette,Popple,bpopplejg@globo.com,62.58,error: comparison of String with 0 failed
702,Filide,O'Monahan,fomonahanjh@simplemachines.org,7.02,error: comparison of String with 0 failed
703,Merrill,Birdwhistell,mbirdwhistellji@dropbox.com,11.1,error: comparison of String with 0 failed
704,Davida,O'Hone,dohonejj@smugmug.com,95.04,error: comparison of String with 0 failed
705,Murry,Castellaccio,mcastellacciojk@home.pl,54.84,error: comparison of String with 0 failed
706,Whitby,Poppy,wpoppyjl@goodreads.com,72.55,error: comparison of String with 0 failed
707,Sarah,Langforth,slangforthjm@oracle.com,40.43,error: comparison of String with 0 failed
708,Rhonda,Vida,rvidajn@purevolume.com,72.17,error: comparison of String with 0 failed
709,Gert,Jumonet,gjumonetjo@google.es,56.42,error: comparison of String with 0 failed
710,Maria,Negal,mnegaljp@digg.com,75.17,error: comparison of String with 0 failed
711,Tandie,Pithcock,tpithcockjq@loc.gov,60.6,error: comparison of String with 0 failed
712,Megan,Winter,mwinterjr@cmu.edu,18.31,error: comparison of String with 0 failed
713,Atlante,Beacroft,abeacroftjs@ycombinator.com,43.67,error: comparison of String with 0 failed
714,Libby,Aysh,layshjt@princeton.edu,32.22,error: comparison of String with 0 failed
715,Salomone,Southern,ssouthernju@upenn.edu,94.63,error: comparison of String with 0 failed
716,Barby,Veld,bveldjv@clickbank.net,36.57,error: comparison of String with 0 failed
717,Wanids,Spacie,wspaciejw@nationalgeographic.com,71.37,error: comparison of String with 0 failed
718,Kristos,Branson,kbransonjx@newsvine.com,94.38,error: comparison of String with 0 failed
719,Murielle,Hunnable,mhunnablejy@addtoany.com,67.01,error: comparison of String with 0 failed
720,Caresa,Ferreira,cferreirajz@nature.com,18.82,error: comparison of String with 0 failed
721,Joana,Colhoun,jcolhounk0@mozilla.org,48.72,error: comparison of String with 0 failed
722,Nobie,Tuison,ntuisonk1@geocities.jp,65.75,error: comparison of String with 0 failed
723,Broderic,O'Kerin,bokerink2@shinystat.com,14.59,error: comparison of String with 0 failed
724,Paul,Darrach,pdarrachk3@123-reg.co.uk,45.36,error: comparison of String with 0 failed
725,Dick,Agglio,daggliok4@shop-pro.jp,31.13,error: comparison of String with 0 failed
726,Rabi,Josifovic,rjosifovick5@ca.gov,29.44,error: comparison of String with 0 failed
727,Amie,Ricard,aricardk6@so-net.ne.jp,40.45,error: comparison of String with 0 failed
728,Albie,Dewi,adewik7@alibaba.com,19.19,error: comparison of String with 0 failed
729,Lee,West-Frimley,lwestfrimleyk8@mediafire.com,71.2,error: comparison of String with 0 failed
730,Denys,Danilyuk,ddanilyukk9@ucla.edu,69.54,error: comparison of String with 0 failed
731,Gwendolin,Wilkennson,gwilkennsonka@issuu.com,15.28,error: comparison of String with 0 failed
732,Randa,Zanussii,rzanussiikb@walmart.com,21.17,error: comparison of String with 0 failed
733,Sheeree,Penvarne,spenvarnekc@goo.ne.jp,78.25,error: comparison of String with 0 failed
734,Allistir,Swafield,aswafieldkd@4shared.com,11.3,error: comparison of String with 0 failed
735,Emile,Gitthouse,egitthouseke@redcross.org,23.32,error: comparison of String with 0 failed
736,Ardisj,Budgey,abudgeykf@berkeley.edu,64.09,error: comparison of String with 0 failed
737,Gilburt,Cordrey,gcordreykg@sourceforge.net,4.55,error: comparison of String with 0 failed
738,Ginevra,Hargrave,ghargravekh@businessweek.com,37.79,error: comparison of String with 0 failed
739,Jocelyne,Woodburne,jwoodburneki@exblog.jp,3.01,error: comparison of String with 0 failed
740,Welby,Verson,wversonkj@wufoo.com,63.68,error: comparison of String with 0 failed
741,Kristofor,Coyne,kcoynekk@wired.com,97.44,error: comparison of String with 0 failed
742,June,Unwin,junwinkl@plala.or.jp,94.05,error: comparison of String with 0 failed
743,Adi,Sneden,asnedenkm@businesswire.com,37.06,error: comparison of String with 0 failed
744,Eamon,Gwynn,egwynnkn@blogger.com,7.1,error: comparison of String with 0 failed
745,Janis,Valiant,jvaliantko@squidoo.com,71.64,error: comparison of String with 0 failed
746,Tricia,Folland,tfollandkp@imdb.com,87.47,error: comparison of String with 0 failed
747,Roanna,Billion,rbillionkq@drupal.org,20.64,error: comparison of String with 0 failed
748,Mikol,Blasgen,mblasgenkr@themeforest.net,6.39,error: comparison of String with 0 failed
749,Tonye,Coxwell,tcoxwellks@usnews.com,26.01,error: comparison of String with 0 failed
750,Felicdad,Dobney,fdobneykt@mac.com,65.53,error: comparison of String with 0 failed
751,Kitti,Quirk,kquirkku@disqus.com,71.8,error: comparison of String with 0 failed
752,Celia,Biggen,cbiggenkv@gov.uk,72.86,error: comparison of String with 0 failed
753,Florinda,Morkham,fmorkhamkw@umich.edu,96.37,error: comparison of String with 0 failed
754,Eloisa,Winborn,ewinbornkx@army.mil,45.4,error: comparison of String with 0 failed
755,Gisele,Coggill,gcoggillky@webs.com,52.15,error: comparison of String with 0 failed
756,Jamal,Thamelt,jthameltkz@mayoclinic.com,89.71,error: comparison of String with 0 failed
757,Jessie,Franciotti,jfranciottil0@prlog.org,62.53,error: comparison of String with 0 failed
758,Chickie,Crozier,ccrozierl1@apple.com,27.27,error: comparison of String with 0 failed
759,Cassandry,Schreiner,cschreinerl2@sina.com.cn,33.67,error: comparison of String with 0 failed
760,Reina,Craigs,rcraigsl3@marketwatch.com,30.42,error: comparison of String with 0 failed
761,Kerk,Stronach,kstronachl4@ifeng.com,18.82,error: comparison of String with 0 failed
762,Willard,Amsberger,wamsbergerl5@fda.gov,6.07,error: comparison of String with 0 failed
763,Morty,Silverwood,msilverwoodl6@chron.com,27.89,error: comparison of String with 0 failed
764,Viki,Balling,vballingl7@theglobeandmail.com,64.38,error: comparison of String with 0 failed
765,Farand,Buick,fbuickl8@myspace.com,76.91,error: comparison of String with 0 failed
766,Kat,Pigne,kpignel9@blogger.com,28.51,error: comparison of String with 0 failed
767,Georgeanna,Rowat,growatla@bloglines.com,79.31,error: comparison of String with 0 failed
768,Bendix,Cattrall,bcattralllb@tuttocitta.it,66.15,error: comparison of String with 0 failed
769,Hort,Hitter,hhitterlc@opensource.org,17.82,error: comparison of String with 0 failed
770,Kathie,Magee,kmageeld@alibaba.com,47.06,error: comparison of String with 0 failed
771,Minna,Stapford,mstapfordle@washingtonpost.com,22.75,error: comparison of String with 0 failed
772,Lester,Cisec,lciseclf@weather.com,56.51,error: comparison of String with 0 failed
773,Mignon,Masham,mmashamlg@yolasite.com,29.77,error: comparison of String with 0 failed
774,Maureene,Bover,mboverlh@jiathis.com,30.81,error: comparison of String with 0 failed
775,Tomasina,Davana,tdavanali@nps.gov,72.4,error: comparison of String with 0 failed
776,Kellie,Goathrop,kgoathroplj@tinyurl.com,85.27,error: comparison of String with 0 failed
777,Berti,Rustman,brustmanlk@usgs.gov,26.8,error: comparison of String with 0 failed
778,Maje,Chappell,mchappellll@salon.com,83.12,error: comparison of String with 0 failed
779,Trent,Houltham,thoulthamlm@livejournal.com,63.92,error: comparison of String with 0 failed
780,Broderic,Ellick,bellickln@microsoft.com,46.12,error: comparison of String with 0 failed
781,Bourke,Hutcheon,bhutcheonlo@yahoo.co.jp,63.64,error: comparison of String with 0 failed
782,Giles,Charman,gcharmanlp@symantec.com,78.62,error: comparison of String with 0 failed
783,Tobye,Pautard,tpautardlq@businessweek.com,57.5,error: comparison of String with 0 failed
784,Kris,Archibold,karchiboldlr@comcast.net,84.85,error: comparison of String with 0 failed
785,Seamus,Ingamells,singamellsls@google.it,59.85,error: comparison of String with 0 failed
786,Eryn,Baskerville,ebaskervillelt@oakley.com,47.02,error: comparison of String with 0 failed
787,Cece,Menere,cmenerelu@dot.gov,12.56,error: comparison of String with 0 failed
788,Frayda,Ranklin,franklinlv@army.mil,19.6,error: comparison of String with 0 failed
789,Bettine,Filon,bfilonlw@yellowpages.com,64.49,error: comparison of String with 0 failed
790,Cori,Edmed,cedmedlx@nasa.gov,8.44,error: comparison of String with 0 failed
791,Nobe,Shasnan,nshasnanly@timesonline.co.uk,61.89,error: comparison of String with 0 failed
792,Rheta,Tigwell,rtigwelllz@comcast.net,5.03,error: comparison of String with 0 failed
793,Tina,Watton,twattonm0@prlog.org,96.03,error: comparison of String with 0 failed
794,Chiquia,Boutell,cboutellm1@cnet.com,16.28,error: comparison of String with 0 failed
795,Claudianus,Hazleton,chazletonm2@nsw.gov.au,59.27,error: comparison of String with 0 failed
796,Inger,Affuso,iaffusom3@behance.net,10.58,error: comparison of String with 0 failed
797,Yvonne,Mabbs,ymabbsm4@cdc.gov,97.12,error: comparison of String with 0 failed
798,Kassie,Crome,kcromem5@toplist.cz,36.32,error: comparison of String with 0 failed
799,Jemmy,Shale,jshalem6@meetup.com,8.17,error: comparison of String with 0 failed
800,Fleur,Gothard,fgothardm7@booking.com,61.71,error: comparison of String with 0 failed
801,Martica,Thurnham,mthurnhamm8@woothemes.com,16.66,error: comparison of String with 0 failed
802,Nate,Addy,naddym9@jigsy.com,61.44,error: comparison of String with 0 failed
803,Shela,Cowling,scowlingma@jimdo.com,7.0,error: comparison of String with 0 failed
804,Aurora,Cucuzza,acucuzzamb@baidu.com,73.41,error: comparison of String with 0 failed
805,Dorris,McKinley,dmckinleymc@accuweather.com,47.62,error: comparison of String with 0 failed
806,Everett,Menure,emenuremd@tripadvisor.com,32.08,error: comparison of String with 0 failed
807,Ernst,Sinclair,esinclairme@foxnews.com,66.48,error: comparison of String with 0 failed
808,Lazarus,Raymond,lraymondmf@wufoo.com,60.56,error: comparison of String with 0 failed
809,Loreen,Fleury,lfleurymg@google.cn,65.32,error: comparison of String with 0 failed
810,Gypsy,Nudde,gnuddemh@youku.com,74.31,error: comparison of String with 0 failed
811,Claudia,Kobierra,ckobierrami@unc.edu,37.81,error: comparison of String with 0 failed
812,Mahmud,Wolsey,mwolseymj@army.mil,42.65,error: comparison of String with 0 failed
813,Kylila,Jirzik,kjirzikmk@issuu.com,23.86,error: comparison of String with 0 failed
814,Luella,Longstreet,llongstreetml@skype.com,49.74,error: comparison of String with 0 failed
815,Thoma,Howson,thowsonmm@businesswire.com,34.2,error: comparison of String with 0 failed
816,Aili,Hugo,ahugomn@fc2.com,78.66,error: comparison of String with 0 failed
817,Padgett,Felder,pfeldermo@redcross.org,50.46,error: comparison of String with 0 failed
818,Joela,Snaddin,jsnaddinmp@cornell.edu,23.2,error: comparison of String with 0 failed
819,Alisa,Lorait,aloraitmq@wired.com,88.9,error: comparison of String with 0 failed
820,Waylen,Bea,wbeamr@yellowbook.com,5.82,error: comparison of String with 0 failed
821,Elia,Reddihough,ereddihoughms@umich.edu,37.24,error: comparison of String with 0 failed
822,Merola,Castagne,mcastagnemt@canalblog.com,93.2,error: comparison of String with 0 failed
823,Godard,Staunton,gstauntonmu@google.com.au,70.93,error: comparison of String with 0 failed
824,Terra,Hehnke,thehnkemv@state.gov,27.96,error: comparison of String with 0 failed
825,Ezechiel,Kobisch,ekobischmw@google.nl,51.3,error: comparison of String with 0 failed
826,Nevsa,Riteley,nriteleymx@php.net,53.85,error: comparison of String with 0 failed
827,Barri,Bardill,bbardillmy@smugmug.com,46.52,error: comparison of String with 0 failed
828,Celia,Spoole,cspoolemz@bloglines.com,66.88,error: comparison of String with 0 failed
829,Rolando,Slany,rslanyn0@csmonitor.com,56.32,error: comparison of String with 0 failed
830,Toiboid,Lyptrit,tlyptritn1@163.com,68.67,error: comparison of String with 0 failed
831,Cesya,Primak,cprimakn2@webeden.co.uk,58.56,error: comparison of String with 0 failed
832,Abagail,Brunger,abrungern3@studiopress.com,51.87,error: comparison of String with 0 failed
833,Sonny,Moulsdale,smoulsdalen4@eepurl.com,2.41,error: comparison of String with 0 failed
834,Raimondo,Giovannardi,rgiovannardin5@google.co.uk,65.32,error: comparison of String with 0 failed
835,Marla,Pranger,mprangern6@xing.com,67.19,error: comparison of String with 0 failed
836,Palm,Tregale,ptregalen7@skyrock.com,87.32,error: comparison of String with 0 failed
837,Gaston,Coyle,gcoylen8@senate.gov,24.76,error: comparison of String with 0 failed
838,Nert,Wastell,nwastelln9@forbes.com,18.44,error: comparison of String with 0 failed
839,Beverley,Hedylstone,bhedylstonena@angelfire.com,65.23,error: comparison of String with 0 failed
840,Edd,Pass,epassnb@hao123.com,21.38,error: comparison of String with 0 failed
841,Colene,Kuller,ckullernc@marriott.com,13.97,error: comparison of String with 0 failed
842,Laurence,Tixier,ltixiernd@livejournal.com,96.01,error: comparison of String with 0 failed
843,Jandy,Bonin,jboninne@comcast.net,36.11,error: comparison of String with 0 failed
844,Ardisj,Maylor,amaylornf@google.cn,12.21,error: comparison of String with 0 failed
845,Hasheem,Jaouen,hjaouenng@free.fr,16.69,error: comparison of String with 0 failed
846,Robby,Lain,rlainnh@un.org,19.72,error: comparison of String with 0 failed
847,Wyndham,Berth,wberthni@ucla.edu,85.94,error: comparison of String with 0 failed
848,Layton,Shord,lshordnj@tuttocitta.it,36.04,error: comparison of String with 0 failed
849,Cosme,Sleightholme,csleightholmenk@drupal.org,15.79,error: comparison of String with 0 failed
850,Adan,Mattingly,amattinglynl@sitemeter.com,71.96,error: comparison of String with 0 failed
851,Danice,Cammish,dcammishnm@ustream.tv,68.21,error: comparison of String with 0 failed
852,Caterina,Soame,csoamenn@exblog.jp,38.39,error: comparison of String with 0 failed
853,Jobey,Harling,jharlingno@ocn.ne.jp,33.14,error: comparison of String with 0 failed
854,Estevan,Coupar,ecouparnp@abc.net.au,16.38,error: comparison of String with 0 failed
855,Ailene,Darlasson,adarlassonnq@gov.uk,25.59,error: comparison of String with 0 failed
856,Fairfax,Landal,flandalnr@howstuffworks.com,66.44,error: comparison of String with 0 failed
857,Huberto,Alexandrescu,halexandrescuns@yellowpages.com,29.01,error: comparison of String with 0 failed
858,Leslie,Cundy,lcundynt@trellian.com,45.95,error: comparison of String with 0 failed
859,Myrtie,Denziloe,mdenziloenu@photobucket.com,15.51,error: comparison of String with 0 failed
860,Dyanna,Tweedlie,dtweedlienv@usa.gov,74.41,error: comparison of String with 0 failed
861,Thaddus,Pinyon,tpinyonnw@so-net.ne.jp,67.42,error: comparison of String with 0 failed
862,Janessa,Alldridge,jalldridgenx@dyndns.org,64.65,error: comparison of String with 0 failed
863,Clemmy,Lonsbrough,clonsbroughny@unicef.org,43.78,error: comparison of String with 0 failed
864,Chantal,Southcott,csouthcottnz@ft.com,59.26,error: comparison of String with 0 failed
865,Ramon,Biddleston,rbiddlestono0@reverbnation.com,86.64,error: comparison of String with 0 failed
866,Vally,Rapinett,vrapinetto1@booking.com,96.12,error: comparison of String with 0 failed
867,Reynolds,Grewe,rgreweo2@cnet.com,70.46,error: comparison of String with 0 failed
868,Molli,Leele,mleeleo3@go.com,64.06,error: comparison of String with 0 failed
869,Jolynn,Friel,jfrielo4@google.fr,11.94,error: comparison of String with 0 failed
870,Dame,Cubbon,dcubbono5@ucsd.edu,88.37,error: comparison of String with 0 failed
871,Dedra,Theaker,dtheakero6@fotki.com,9.22,error: comparison of String with 0 failed
872,Edward,McLernon,emclernono7@hc360.com,65.61,error: comparison of String with 0 failed
873,Lothaire,Jahan,ljahano8@fema.gov,17.64,error: comparison of String with 0 failed
874,Connie,Sugge,csuggeo9@umn.edu,12.2,error: comparison of String with 0 failed
875,Candida,Oloshkin,coloshkinoa@adobe.com,73.51,error: comparison of String with 0 failed
876,Tiler,Blaxlande,tblaxlandeob@1und1.de,70.75,error: comparison of String with 0 failed
877,Hertha,Addess,haddessoc@elegantthemes.com,37.92,error: comparison of String with 0 failed
878,Xenos,Hardin,xhardinod@linkedin.com,18.25,error: comparison of String with 0 failed
879,Alric,Cisneros,acisnerosoe@uol.com.br,3.24,error: comparison of String with 0 failed
880,Bambi,Bairstow,bbairstowof@comcast.net,25.11,error: comparison of String with 0 failed
881,Ad,Bubbear,abubbearog@goo.gl,89.28,error: comparison of String with 0 failed
882,Nerta,Mendez,nmendezoh@github.io,78.05,error: comparison of String with 0 failed
883,Zitella,Leng,zlengoi@constantcontact.com,87.96,error: comparison of String with 0 failed
884,Eldredge,L'oiseau,eloiseauoj@house.gov,41.06,error: comparison of String with 0 failed
885,Marje,Kike,mkikeok@geocities.jp,67.86,error: comparison of String with 0 failed
886,Arri,Pfleger,apflegerol@independent.co.uk,1.41,error: comparison of String with 0 failed
887,Pris,Wedmore.,pwedmoreom@sciencedaily.com,4.19,error: comparison of String with 0 failed
888,Ruthy,Jambrozek,rjambrozekon@bluehost.com,16.6,error: comparison of String with 0 failed
889,Mimi,Linning,mlinningoo@gizmodo.com,41.14,error: comparison of String with 0 failed
890,Netty,Armstrong,narmstrongop@ucoz.com,20.73,error: comparison of String with 0 failed
891,Sig,Baelde,sbaeldeoq@unblog.fr,51.38,error: comparison of String with 0 failed
892,Reinold,McGrayle,rmcgrayleor@geocities.com,57.54,error: comparison of String with 0 failed
893,Porter,Roglieri,proglierios@imgur.com,97.46,error: comparison of String with 0 failed
894,Chery,Gurton,cgurtonot@altervista.org,13.94,error: comparison of String with 0 failed
895,Rickard,Hulls,rhullsou@ted.com,94.74,error: comparison of String with 0 failed
896,Salomo,Jurisch,sjurischov@shareasale.com,33.0,error: comparison of String with 0 failed
897,Byron,Popping,bpoppingow@merriam-webster.com,93.84,error: comparison of String with 0 failed
898,Jennica,Gye,jgyeox@infoseek.co.jp,40.85,error: comparison of String with 0 failed
899,Lurleen,Codi,lcodioy@princeton.edu,69.99,error: comparison of String with 0 failed
900,Christine,Robison,crobisonoz@nationalgeographic.com,70.82,error: comparison of String with 0 failed
901,Bruno,Cranham,bcranhamp0@arizona.edu,87.18,error: comparison of String with 0 failed
902,Ava,Doidge,adoidgep1@bravesites.com,3.13,error: comparison of String with 0 failed
903,Oberon,Donke,odonkep2@seesaa.net,92.94,error: comparison of String with 0 failed
904,Rey,Eltringham,reltringhamp3@unesco.org,30.62,error: comparison of String with 0 failed
905,Tymothy,Wooff,twooffp4@microsoft.com,8.22,error: comparison of String with 0 failed
906,Pansy,Gurling,pgurlingp5@alexa.com,93.3,error: comparison of String with 0 failed
907,Beau,Gauford,bgaufordp6@europa.eu,1.65,error: comparison of String with 0 failed
908,Reid,Gothliff,rgothliffp7@hubpages.com,81.11,error: comparison of String with 0 failed
909,Tabina,de Wilde,tdewildep8@seesaa.net,8.43,error: comparison of String with 0 failed
910,Fawne,Weavill,fweavillp9@over-blog.com,96.85,error: comparison of String with 0 failed
911,Free,Chevins,fchevinspa@ca.gov,66.61,error: comparison of String with 0 failed
912,Madella,Bevington,mbevingtonpb@deviantart.com,15.27,error: comparison of String with 0 failed
913,Vernen,Jeromson,vjeromsonpc@cnn.com,7.11,error: comparison of String with 0 failed
914,Tomi,Pennycuick,tpennycuickpd@myspace.com,40.37,error: comparison of String with 0 failed
915,Hester,Primett,hprimettpe@blog.com,16.2,error: comparison of String with 0 failed
916,Carver,Rawls,crawlspf@mashable.com,14.72,error: comparison of String with 0 failed
917,Genevieve,Selwin,gselwinpg@printfriendly.com,73.13,error: comparison of String with 0 failed
918,Amil,Pontefract,apontefractph@angelfire.com,4.34,error: comparison of String with 0 failed
919,Justis,Goranov,jgoranovpi@example.com,34.13,error: comparison of String with 0 failed
920,Janeva,Houlaghan,jhoulaghanpj@earthlink.net,85.66,error: comparison of String with 0 failed
921,Israel,Wrightam,iwrightampk@edublogs.org,63.8,error: comparison of String with 0 failed
922,Abeu,Kuscha,akuschapl@independent.co.uk,14.44,error: comparison of String with 0 failed
923,Madge,Phripp,mphripppm@slate.com,26.55,error: comparison of String with 0 failed
924,Evanne,Searchwell,esearchwellpn@state.tx.us,88.76,error: comparison of String with 0 failed
925,Beniamino,Sparks,bsparkspo@howstuffworks.com,2.92,error: comparison of String with 0 failed
926,Kenon,Summerskill,ksummerskillpp@cyberchimps.com,95.05,error: comparison of String with 0 failed
927,Randal,Szwandt,rszwandtpq@dailymail.co.uk,21.32,error: comparison of String with 0 failed
928,Byrom,Yakovich,byakovichpr@telegraph.co.uk,23.77,error: comparison of String with 0 failed
929,Emelina,Atkin,eatkinps@tiny.cc,3.54,error: comparison of String with 0 failed
930,Harriett,Yelden,hyeldenpt@barnesandnoble.com,25.94,error: comparison of String with 0 failed
931,Sigismond,Caplan,scaplanpu@businessweek.com,70.88,error: comparison of String with 0 failed
932,Knox,Seligson,kseligsonpv@comsenz.com,3.32,error: comparison of String with 0 failed
933,Puff,Custy,pcustypw@spotify.com,28.43,error: comparison of String with 0 failed
934,Dewey,Page,dpagepx@desdev.cn,86.54,error: comparison of String with 0 failed
935,Kikelia,Joscelin,kjoscelinpy@yale.edu,84.67,error: comparison of String with 0 failed
936,Alex,Vurley,avurleypz@etsy.com,31.15,error: comparison of String with 0 failed
937,Ashien,Andrus,aandrusq0@google.de,85.16,error: comparison of String with 0 failed
938,Merilee,Grodden,mgroddenq1@discovery.com,92.14,error: comparison of String with 0 failed
939,Rickey,Punchard,rpunchardq2@jalbum.net,5.85,error: comparison of String with 0 failed
940,Cyrillus,Livezey,clivezeyq3@patch.com,46.3,error: comparison of String with 0 failed
941,Kevyn,Trustram,ktrustramq4@feedburner.com,70.45,error: comparison of String with 0 failed
942,Merl,Orae,moraeq5@berkeley.edu,53.14,error: comparison of String with 0 failed
943,Yolanthe,Leinweber,yleinweberq6@scientificamerican.com,73.26,error: comparison of String with 0 failed
944,Morna,Schwanden,mschwandenq7@php.net,91.4,error: comparison of String with 0 failed
945,Howard,Butcher,hbutcherq8@auda.org.au,28.17,error: comparison of String with 0 failed
946,Ross,Greasley,rgreasleyq9@weather.com,15.83,error: comparison of String with 0 failed
947,Alexa,Merrien,amerrienqa@etsy.com,94.51,error: comparison of String with 0 failed
948,Karlene,Summersett,ksummersettqb@plala.or.jp,72.46,error: comparison of String with 0 failed
949,Dore,Happel,dhappelqc@imageshack.us,8.48,error: comparison of String with 0 failed
950,Raddie,Anniwell,ranniwellqd@shinystat.com,91.82,error: comparison of String with 0 failed
951,Francklyn,Ivancevic,fivancevicqe@uol.com.br,65.59,error: comparison of String with 0 failed
952,Gregory,Essam,gessamqf@admin.ch,52.55,error: comparison of String with 0 failed
953,Joelle,Abrahmson,jabrahmsonqg@indiatimes.com,30.04,error: comparison of String with 0 failed
954,Nolie,Haverty,nhavertyqh@smh.com.au,6.01,error: comparison of String with 0 failed
955,Salvatore,Piggrem,spiggremqi@elpais.com,40.64,error: comparison of String with 0 failed
956,Almeda,Maylour,amaylourqj@oaic.gov.au,13.08,error: comparison of String with 0 failed
957,Husein,Windross,hwindrossqk@imgur.com,25.31,error: comparison of String with 0 failed
958,Ernesta,Pariss,eparissql@tripod.com,27.88,error: comparison of String with 0 failed
959,Kylie,Morbey,kmorbeyqm@answers.com,45.98,error: comparison of String with 0 failed
960,Fitz,Maccrea,fmaccreaqn@google.it,63.43,error: comparison of String with 0 failed
961,Gage,Plumer,gplumerqo@forbes.com,90.74,error: comparison of String with 0 failed
962,Marylee,Becom,mbecomqp@altervista.org,16.86,error: comparison of String with 0 failed
963,Dicky,Haddy,dhaddyqq@wikia.com,86.5,error: comparison of String with 0 failed
964,Olenka,Sukbhans,osukbhansqr@amazon.com,52.63,error: comparison of String with 0 failed
965,Tadio,Eyrl,teyrlqs@indiatimes.com,39.73,error: comparison of String with 0 failed
966,Eziechiele,De Nisco,edeniscoqt@nymag.com,15.33,error: comparison of String with 0 failed
967,Ode,Quiddinton,oquiddintonqu@mapquest.com,65.51,error: comparison of String with 0 failed
968,Rorke,Loch,rlochqv@springer.com,19.62,error: comparison of String with 0 failed
969,Gipsy,Odgaard,godgaardqw@senate.gov,95.07,error: comparison of String with 0 failed
970,Devy,Auten,dautenqx@tripadvisor.com,87.24,error: comparison of String with 0 failed
971,Valli,Pollicott,vpollicottqy@github.io,20.15,error: comparison of String with 0 failed
972,Carolann,Mackie,cmackieqz@xinhuanet.com,15.38,error: comparison of String with 0 failed
973,Patrizio,Bottomley,pbottomleyr0@friendfeed.com,30.33,error: comparison of String with 0 failed
974,Russell,Dineen,rdineenr1@csmonitor.com,70.91,error: comparison of String with 0 failed
975,Ellsworth,Gregor,egregorr2@gravatar.com,36.7,error: comparison of String with 0 failed
976,Mic,Sneyd,msneydr3@ucoz.com,72.43,error: comparison of String with 0 failed
977,Sinclair,Waudby,swaudbyr4@imageshack.us,39.6,error: comparison of String with 0 failed
978,Cherianne,Cribbott,ccribbottr5@eepurl.com,85.53,error: comparison of String with 0 failed
979,Cariotta,Gammon,cgammonr6@vinaora.com,36.13,error: comparison of String with 0 failed
980,Rolland,Rubinov,rrubinovr7@cbc.ca,25.9,error: comparison of String with 0 failed
981,Marian,Pawlyn,mpawlynr8@sphinn.com,55.24,error: comparison of String with 0 failed
982,Wilbert,Beadman,wbeadmanr9@opensource.org,59.41,error: comparison of String with 0 failed
983,Armin,Balden,abaldenra@howstuffworks.com,93.14,error: comparison of String with 0 failed
984,Zacharia,Steade,zsteaderb@ftc.gov,5.53,error: comparison of String with 0 failed
985,Roma,Pycock,rpycockrc@gravatar.com,51.27,error: comparison of String with 0 failed
986,Heinrick,Kyttor,hkyttorrd@youtu.be,46.2,error: comparison of String with 0 failed
987,Johnette,MacDermid,jmacdermidre@japanpost.jp,56.52,error: comparison of String with 0 failed
988,Junette,Paddon,jpaddonrf@princeton.edu,83.45,error: comparison of String with 0 failed
989,Augustine,Edens,aedensrg@apple.com,78.0,error: comparison of String with 0 failed
990,Edsel,Cowl,ecowlrh@army.mil,66.46,error: comparison of String with 0 failed
991,Isidor,Beeching,ibeechingri@live.com,93.2,error: comparison of String with 0 failed
992,Amalie,Francino,afrancinorj@google.ru,44.05,error: comparison of String with 0 failed
993,Leola,Espy,lespyrk@t.co,82.09,error: comparison of String with 0 failed
994,Kristoffer,Bumford,kbumfordrl@marriott.com,67.94,error: comparison of String with 0 failed
995,Georges,Gebbe,ggebberm@cpanel.net,58.54,error: comparison of String with 0 failed
996,Barron,O'Gready,bogreadyrn@tinyurl.com,75.94,error: comparison of String with 0 failed
997,Clemente,Ingledow,cingledowro@google.com.hk,54.04,error: comparison of String with 0 failed
998,Hatty,Yeude,hyeuderp@mit.edu,12.8,error: comparison of String with 0 failed
999,Cynthy,Duddin,cduddinrq@goo.gl,40.74,error: comparison of String with 0 failed
1000,Stormy,Hexum,shexumrr@w3.org,28.36,error: comparison of String with 0 failed
